experiment_id,config_name,activated_class,benchmark_family,scale_label,query_name,query_group,run_phase,n_runs,n_success_runs,avg_latency_ms,median_latency_ms,p95_latency_ms,p99_latency_ms,min_latency_ms,max_latency_ms,std_latency_ms,avg_documents_returned,avg_documents_written,selected_root,embedding_variant,n_supporting_queries,n_primary_queries,n_secondary_affected_queries,n_control_queries,experiment_goal,primary_queries,secondary_affected_queries,control_queries,changed_region_entities,baseline_config_name,baseline_config_name_ref,baseline_avg_latency_ms,baseline_median_latency_ms,baseline_p95_latency_ms,baseline_p99_latency_ms,baseline_std_latency_ms,avg_latency_ms_pct_vs_baseline,median_latency_ms_pct_vs_baseline,p95_latency_ms_pct_vs_baseline,p99_latency_ms_pct_vs_baseline,std_latency_ms_pct_vs_baseline
watchitem_g0_sf0.25,watchitem_g0,G0,root_local_family,sf0.25,QG6_EpisodesOfSeries,control,cold,10,10,1.4481750993581954,0.9284065017709509,3.903037949203275,5.780837188794977,0.8173479945980944,6.2502869986929,1.601598107254847,3187.0,0.0,WatchItem,baseline_document,9,9,0,1,"Testar a configuração watchitem_g0 (G0) na família root_local_family em sf0.25, avaliando queries primárias, secundárias afetadas e de controle.","['QG10_AdvancedSearchWatchItems', 'QG1_WatchItemById', 'QG2_WatchItemByTitle', 'QG3_RecommendationByGenreAndSubtype', 'QG4_AllPersonsOfTypeForWatchItem', 'QG5_AllPersonsForEpisodesOfSeries', 'QG7_UpdateWatchItemMetadata', 'QG8_AddPersonRoleToWatchItem', 'QG9_TopRatedSeriesByGenre']",[],['QG6_EpisodesOfSeries'],['WatchItem'],watchitem_g0,watchitem_g0,1.4481750993581954,0.9284065017709509,3.903037949203275,5.780837188794977,1.601598107254847,0.0,0.0,0.0,0.0,0.0
watchitem_g0_sf0.25,watchitem_g0,G0,root_local_family,sf0.25,QG10_AdvancedSearchWatchItems,primary,cold,10,10,114.11278120140196,116.65720150267587,190.36419440271857,192.50606768364375,17.01773800596129,193.04153600387508,54.57188875458556,6.9,0.0,WatchItem,baseline_document,9,9,0,1,"Testar a configuração watchitem_g0 (G0) na família root_local_family em sf0.25, avaliando queries primárias, secundárias afetadas e de controle.","['QG10_AdvancedSearchWatchItems', 'QG1_WatchItemById', 'QG2_WatchItemByTitle', 'QG3_RecommendationByGenreAndSubtype', 'QG4_AllPersonsOfTypeForWatchItem', 'QG5_AllPersonsForEpisodesOfSeries', 'QG7_UpdateWatchItemMetadata', 'QG8_AddPersonRoleToWatchItem', 'QG9_TopRatedSeriesByGenre']",[],['QG6_EpisodesOfSeries'],['WatchItem'],watchitem_g0,watchitem_g0,114.11278120140196,116.65720150267587,190.36419440271857,192.50606768364375,54.57188875458556,0.0,0.0,0.0,0.0,0.0
watchitem_g0_sf0.25,watchitem_g0,G0,root_local_family,sf0.25,QG1_WatchItemById,primary,cold,10,10,0.4474817011214327,0.332854498992674,0.9435392985324134,1.2328518580034142,0.3007110062753781,1.3051799978711642,0.2915120332128554,1.0,0.0,WatchItem,baseline_document,9,9,0,1,"Testar a configuração watchitem_g0 (G0) na família root_local_family em sf0.25, avaliando queries primárias, secundárias afetadas e de controle.","['QG10_AdvancedSearchWatchItems', 'QG1_WatchItemById', 'QG2_WatchItemByTitle', 'QG3_RecommendationByGenreAndSubtype', 'QG4_AllPersonsOfTypeForWatchItem', 'QG5_AllPersonsForEpisodesOfSeries', 'QG7_UpdateWatchItemMetadata', 'QG8_AddPersonRoleToWatchItem', 'QG9_TopRatedSeriesByGenre']",[],['QG6_EpisodesOfSeries'],['WatchItem'],watchitem_g0,watchitem_g0,0.4474817011214327,0.332854498992674,0.9435392985324134,1.2328518580034142,0.2915120332128554,0.0,0.0,0.0,0.0,0.0
watchitem_g0_sf0.25,watchitem_g0,G0,root_local_family,sf0.25,QG2_WatchItemByTitle,primary,cold,10,10,0.3496198994980659,0.3560069999366533,0.3999639513494912,0.4006079905957449,0.2824799958034418,0.4007690004073083,0.0381179608254795,8.2,0.0,WatchItem,baseline_document,9,9,0,1,"Testar a configuração watchitem_g0 (G0) na família root_local_family em sf0.25, avaliando queries primárias, secundárias afetadas e de controle.","['QG10_AdvancedSearchWatchItems', 'QG1_WatchItemById', 'QG2_WatchItemByTitle', 'QG3_RecommendationByGenreAndSubtype', 'QG4_AllPersonsOfTypeForWatchItem', 'QG5_AllPersonsForEpisodesOfSeries', 'QG7_UpdateWatchItemMetadata', 'QG8_AddPersonRoleToWatchItem', 'QG9_TopRatedSeriesByGenre']",[],['QG6_EpisodesOfSeries'],['WatchItem'],watchitem_g0,watchitem_g0,0.3496198994980659,0.3560069999366533,0.3999639513494912,0.4006079905957449,0.0381179608254795,0.0,0.0,0.0,0.0,0.0
watchitem_g0_sf0.25,watchitem_g0,G0,root_local_family,sf0.25,QG3_RecommendationByGenreAndSubtype,primary,cold,10,10,10.571659699780868,6.944538999960059,24.679365499105185,25.592149099320523,0.7771809978294186,25.82034499937436,9.113517168344666,20.0,0.0,WatchItem,baseline_document,9,9,0,1,"Testar a configuração watchitem_g0 (G0) na família root_local_family em sf0.25, avaliando queries primárias, secundárias afetadas e de controle.","['QG10_AdvancedSearchWatchItems', 'QG1_WatchItemById', 'QG2_WatchItemByTitle', 'QG3_RecommendationByGenreAndSubtype', 'QG4_AllPersonsOfTypeForWatchItem', 'QG5_AllPersonsForEpisodesOfSeries', 'QG7_UpdateWatchItemMetadata', 'QG8_AddPersonRoleToWatchItem', 'QG9_TopRatedSeriesByGenre']",[],['QG6_EpisodesOfSeries'],['WatchItem'],watchitem_g0,watchitem_g0,10.571659699780868,6.944538999960059,24.679365499105185,25.592149099320523,9.113517168344666,0.0,0.0,0.0,0.0,0.0
watchitem_g0_sf0.25,watchitem_g0,G0,root_local_family,sf0.25,QG4_AllPersonsOfTypeForWatchItem,primary,cold,10,10,1.5715997004008386,1.4223915022739675,2.628096099215325,3.145416816551005,0.9915880000335164,3.274746995884925,0.606281945642975,8.1,0.0,WatchItem,baseline_document,9,9,0,1,"Testar a configuração watchitem_g0 (G0) na família root_local_family em sf0.25, avaliando queries primárias, secundárias afetadas e de controle.","['QG10_AdvancedSearchWatchItems', 'QG1_WatchItemById', 'QG2_WatchItemByTitle', 'QG3_RecommendationByGenreAndSubtype', 'QG4_AllPersonsOfTypeForWatchItem', 'QG5_AllPersonsForEpisodesOfSeries', 'QG7_UpdateWatchItemMetadata', 'QG8_AddPersonRoleToWatchItem', 'QG9_TopRatedSeriesByGenre']",[],['QG6_EpisodesOfSeries'],['WatchItem'],watchitem_g0,watchitem_g0,1.5715997004008386,1.4223915022739675,2.628096099215325,3.145416816551005,0.606281945642975,0.0,0.0,0.0,0.0,0.0
watchitem_g0_sf0.25,watchitem_g0,G0,root_local_family,sf0.25,QG5_AllPersonsForEpisodesOfSeries,primary,cold,10,10,127.45670979929857,133.05529399804072,255.3199727986793,280.0897425592848,7.395866996375844,286.28218499943614,88.98934215154017,767.4,0.0,WatchItem,baseline_document,9,9,0,1,"Testar a configuração watchitem_g0 (G0) na família root_local_family em sf0.25, avaliando queries primárias, secundárias afetadas e de controle.","['QG10_AdvancedSearchWatchItems', 'QG1_WatchItemById', 'QG2_WatchItemByTitle', 'QG3_RecommendationByGenreAndSubtype', 'QG4_AllPersonsOfTypeForWatchItem', 'QG5_AllPersonsForEpisodesOfSeries', 'QG7_UpdateWatchItemMetadata', 'QG8_AddPersonRoleToWatchItem', 'QG9_TopRatedSeriesByGenre']",[],['QG6_EpisodesOfSeries'],['WatchItem'],watchitem_g0,watchitem_g0,127.45670979929857,133.05529399804072,255.3199727986793,280.0897425592848,88.98934215154017,0.0,0.0,0.0,0.0,0.0
watchitem_g0_sf0.25,watchitem_g0,G0,root_local_family,sf0.25,QG7_UpdateWatchItemMetadata,primary,cold,10,10,0.4133494992856867,0.3870879991154652,0.5538501016417284,0.5868052224832354,0.3273659967817366,0.5950440026936121,0.0808632111673611,0.0,1.0,WatchItem,baseline_document,9,9,0,1,"Testar a configuração watchitem_g0 (G0) na família root_local_family em sf0.25, avaliando queries primárias, secundárias afetadas e de controle.","['QG10_AdvancedSearchWatchItems', 'QG1_WatchItemById', 'QG2_WatchItemByTitle', 'QG3_RecommendationByGenreAndSubtype', 'QG4_AllPersonsOfTypeForWatchItem', 'QG5_AllPersonsForEpisodesOfSeries', 'QG7_UpdateWatchItemMetadata', 'QG8_AddPersonRoleToWatchItem', 'QG9_TopRatedSeriesByGenre']",[],['QG6_EpisodesOfSeries'],['WatchItem'],watchitem_g0,watchitem_g0,0.4133494992856867,0.3870879991154652,0.5538501016417284,0.5868052224832354,0.0808632111673611,0.0,0.0,0.0,0.0,0.0
watchitem_g0_sf0.25,watchitem_g0,G0,root_local_family,sf0.25,QG8_AddPersonRoleToWatchItem,primary,cold,10,10,0.5906871003389824,0.452141001005657,1.2096445494535133,1.6633025093324252,0.4248920013196766,1.7767169993021523,0.3961653642835727,0.0,2.0,WatchItem,baseline_document,9,9,0,1,"Testar a configuração watchitem_g0 (G0) na família root_local_family em sf0.25, avaliando queries primárias, secundárias afetadas e de controle.","['QG10_AdvancedSearchWatchItems', 'QG1_WatchItemById', 'QG2_WatchItemByTitle', 'QG3_RecommendationByGenreAndSubtype', 'QG4_AllPersonsOfTypeForWatchItem', 'QG5_AllPersonsForEpisodesOfSeries', 'QG7_UpdateWatchItemMetadata', 'QG8_AddPersonRoleToWatchItem', 'QG9_TopRatedSeriesByGenre']",[],['QG6_EpisodesOfSeries'],['WatchItem'],watchitem_g0,watchitem_g0,0.5906871003389824,0.452141001005657,1.2096445494535133,1.6633025093324252,0.3961653642835727,0.0,0.0,0.0,0.0,0.0
watchitem_g0_sf0.25,watchitem_g0,G0,root_local_family,sf0.25,QG9_TopRatedSeriesByGenre,primary,cold,10,10,23.816746800002875,20.8613164977578,41.61867895054455,47.75920219231921,16.10701000026893,49.29433300276287,9.638844317647257,20.0,0.0,WatchItem,baseline_document,9,9,0,1,"Testar a configuração watchitem_g0 (G0) na família root_local_family em sf0.25, avaliando queries primárias, secundárias afetadas e de controle.","['QG10_AdvancedSearchWatchItems', 'QG1_WatchItemById', 'QG2_WatchItemByTitle', 'QG3_RecommendationByGenreAndSubtype', 'QG4_AllPersonsOfTypeForWatchItem', 'QG5_AllPersonsForEpisodesOfSeries', 'QG7_UpdateWatchItemMetadata', 'QG8_AddPersonRoleToWatchItem', 'QG9_TopRatedSeriesByGenre']",[],['QG6_EpisodesOfSeries'],['WatchItem'],watchitem_g0,watchitem_g0,23.816746800002875,20.8613164977578,41.61867895054455,47.75920219231921,9.638844317647257,0.0,0.0,0.0,0.0,0.0
watchitem_g2_sf0.25,watchitem_g2,G2,root_local_family,sf0.25,QG6_EpisodesOfSeries,control,cold,10,10,0.7082743002683856,0.6826364988228306,1.0347506038669958,1.197561324952403,0.5027400038670748,1.2382640052237548,0.1925044980021992,3187.0,0.0,WatchItem,shared_descriptor,3,3,6,1,"Testar a configuração watchitem_g2 (G2) na família root_local_family em sf0.25, avaliando queries primárias, secundárias afetadas e de controle.","['QG10_AdvancedSearchWatchItems', 'QG3_RecommendationByGenreAndSubtype', 'QG9_TopRatedSeriesByGenre']","['QG1_WatchItemById', 'QG2_WatchItemByTitle', 'QG4_AllPersonsOfTypeForWatchItem', 'QG5_AllPersonsForEpisodesOfSeries', 'QG7_UpdateWatchItemMetadata', 'QG8_AddPersonRoleToWatchItem']",['QG6_EpisodesOfSeries'],"['WatchItem', 'Genre']",watchitem_g0,watchitem_g0,1.4481750993581954,0.9284065017709509,3.903037949203275,5.780837188794977,1.601598107254847,-51.09194319234741,-26.47224060573788,-73.48858460168908,-79.28394649699456,-87.98047418199353
watchitem_g2_sf0.25,watchitem_g2,G2,root_local_family,sf0.25,QG10_AdvancedSearchWatchItems,primary,cold,10,10,86.94971850054571,93.73300650258898,138.2534243457485,142.68953046412207,11.525058005645406,143.7985569937155,39.15818135637662,6.9,0.0,WatchItem,shared_descriptor,3,3,6,1,"Testar a configuração watchitem_g2 (G2) na família root_local_family em sf0.25, avaliando queries primárias, secundárias afetadas e de controle.","['QG10_AdvancedSearchWatchItems', 'QG3_RecommendationByGenreAndSubtype', 'QG9_TopRatedSeriesByGenre']","['QG1_WatchItemById', 'QG2_WatchItemByTitle', 'QG4_AllPersonsOfTypeForWatchItem', 'QG5_AllPersonsForEpisodesOfSeries', 'QG7_UpdateWatchItemMetadata', 'QG8_AddPersonRoleToWatchItem']",['QG6_EpisodesOfSeries'],"['WatchItem', 'Genre']",watchitem_g0,watchitem_g0,114.11278120140196,116.65720150267587,190.36419440271857,192.50606768364375,54.57188875458556,-23.803698774912103,-19.6509042774878,-27.374249774476432,-25.877904950709425,-28.244775377897753
watchitem_g2_sf0.25,watchitem_g2,G2,root_local_family,sf0.25,QG3_RecommendationByGenreAndSubtype,primary,cold,10,10,5.986311799642863,3.6216279986547306,13.81634630197368,14.056446863905876,1.0158320001210086,14.116472004388925,5.044579595898135,20.0,0.0,WatchItem,shared_descriptor,3,3,6,1,"Testar a configuração watchitem_g2 (G2) na família root_local_family em sf0.25, avaliando queries primárias, secundárias afetadas e de controle.","['QG10_AdvancedSearchWatchItems', 'QG3_RecommendationByGenreAndSubtype', 'QG9_TopRatedSeriesByGenre']","['QG1_WatchItemById', 'QG2_WatchItemByTitle', 'QG4_AllPersonsOfTypeForWatchItem', 'QG5_AllPersonsForEpisodesOfSeries', 'QG7_UpdateWatchItemMetadata', 'QG8_AddPersonRoleToWatchItem']",['QG6_EpisodesOfSeries'],"['WatchItem', 'Genre']",watchitem_g0,watchitem_g0,10.571659699780868,6.944538999960059,24.679365499105185,25.592149099320523,9.113517168344666,-43.37396426251832,-47.84926690345378,-44.01660649470657,-45.07516031829043,-44.6472804877109
watchitem_g2_sf0.25,watchitem_g2,G2,root_local_family,sf0.25,QG9_TopRatedSeriesByGenre,primary,cold,10,10,35.534153899061494,29.269163998833392,54.53438989898131,55.91495318214584,19.996014001662843,56.26009400293697,14.390362010851378,20.0,0.0,WatchItem,shared_descriptor,3,3,6,1,"Testar a configuração watchitem_g2 (G2) na família root_local_family em sf0.25, avaliando queries primárias, secundárias afetadas e de controle.","['QG10_AdvancedSearchWatchItems', 'QG3_RecommendationByGenreAndSubtype', 'QG9_TopRatedSeriesByGenre']","['QG1_WatchItemById', 'QG2_WatchItemByTitle', 'QG4_AllPersonsOfTypeForWatchItem', 'QG5_AllPersonsForEpisodesOfSeries', 'QG7_UpdateWatchItemMetadata', 'QG8_AddPersonRoleToWatchItem']",['QG6_EpisodesOfSeries'],"['WatchItem', 'Genre']",watchitem_g0,watchitem_g0,23.816746800002875,20.8613164977578,41.61867895054455,47.75920219231921,9.638844317647257,49.198184779195806,40.30353262690433,31.03344765888531,17.0768158081549,49.295512372835155
watchitem_g2_sf0.25,watchitem_g2,G2,root_local_family,sf0.25,QG1_WatchItemById,secondary_affected,cold,10,10,0.4213698011881206,0.3670674996101297,0.8526348527084329,1.1503501705738015,0.2500109985703602,1.2247790000401435,0.2724955815102679,1.0,0.0,WatchItem,shared_descriptor,3,3,6,1,"Testar a configuração watchitem_g2 (G2) na família root_local_family em sf0.25, avaliando queries primárias, secundárias afetadas e de controle.","['QG10_AdvancedSearchWatchItems', 'QG3_RecommendationByGenreAndSubtype', 'QG9_TopRatedSeriesByGenre']","['QG1_WatchItemById', 'QG2_WatchItemByTitle', 'QG4_AllPersonsOfTypeForWatchItem', 'QG5_AllPersonsForEpisodesOfSeries', 'QG7_UpdateWatchItemMetadata', 'QG8_AddPersonRoleToWatchItem']",['QG6_EpisodesOfSeries'],"['WatchItem', 'Genre']",watchitem_g0,,,,,,,,,,,
watchitem_g2_sf0.25,watchitem_g2,G2,root_local_family,sf0.25,QG2_WatchItemByTitle,secondary_affected,cold,10,10,0.3487654998025391,0.3546045008988585,0.3874151982017793,0.3923198374104686,0.2915820005000569,0.3935459972126409,0.0340155432094887,8.2,0.0,WatchItem,shared_descriptor,3,3,6,1,"Testar a configuração watchitem_g2 (G2) na família root_local_family em sf0.25, avaliando queries primárias, secundárias afetadas e de controle.","['QG10_AdvancedSearchWatchItems', 'QG3_RecommendationByGenreAndSubtype', 'QG9_TopRatedSeriesByGenre']","['QG1_WatchItemById', 'QG2_WatchItemByTitle', 'QG4_AllPersonsOfTypeForWatchItem', 'QG5_AllPersonsForEpisodesOfSeries', 'QG7_UpdateWatchItemMetadata', 'QG8_AddPersonRoleToWatchItem']",['QG6_EpisodesOfSeries'],"['WatchItem', 'Genre']",watchitem_g0,,,,,,,,,,,
watchitem_g2_sf0.25,watchitem_g2,G2,root_local_family,sf0.25,QG4_AllPersonsOfTypeForWatchItem,secondary_affected,cold,10,10,0.7277725999301765,0.6880469991301652,0.9165444473183012,1.0361360875685932,0.6460829972638749,1.066033997631166,0.1151839761171736,8.1,0.0,WatchItem,shared_descriptor,3,3,6,1,"Testar a configuração watchitem_g2 (G2) na família root_local_family em sf0.25, avaliando queries primárias, secundárias afetadas e de controle.","['QG10_AdvancedSearchWatchItems', 'QG3_RecommendationByGenreAndSubtype', 'QG9_TopRatedSeriesByGenre']","['QG1_WatchItemById', 'QG2_WatchItemByTitle', 'QG4_AllPersonsOfTypeForWatchItem', 'QG5_AllPersonsForEpisodesOfSeries', 'QG7_UpdateWatchItemMetadata', 'QG8_AddPersonRoleToWatchItem']",['QG6_EpisodesOfSeries'],"['WatchItem', 'Genre']",watchitem_g0,,,,,,,,,,,
watchitem_g2_sf0.25,watchitem_g2,G2,root_local_family,sf0.25,QG5_AllPersonsForEpisodesOfSeries,secondary_affected,cold,10,10,70.30211980018066,85.26811950287083,119.4272878470656,124.05110876672552,7.342908997088671,125.2070639966405,40.8267358149134,767.4,0.0,WatchItem,shared_descriptor,3,3,6,1,"Testar a configuração watchitem_g2 (G2) na família root_local_family em sf0.25, avaliando queries primárias, secundárias afetadas e de controle.","['QG10_AdvancedSearchWatchItems', 'QG3_RecommendationByGenreAndSubtype', 'QG9_TopRatedSeriesByGenre']","['QG1_WatchItemById', 'QG2_WatchItemByTitle', 'QG4_AllPersonsOfTypeForWatchItem', 'QG5_AllPersonsForEpisodesOfSeries', 'QG7_UpdateWatchItemMetadata', 'QG8_AddPersonRoleToWatchItem']",['QG6_EpisodesOfSeries'],"['WatchItem', 'Genre']",watchitem_g0,,,,,,,,,,,
watchitem_g2_sf0.25,watchitem_g2,G2,root_local_family,sf0.25,QG7_UpdateWatchItemMetadata,secondary_affected,cold,10,10,0.4481650998059194,0.4406274965731427,0.5800122013170039,0.5828504420787795,0.2979639975819736,0.5835600022692233,0.0863559953350863,0.0,1.0,WatchItem,shared_descriptor,3,3,6,1,"Testar a configuração watchitem_g2 (G2) na família root_local_family em sf0.25, avaliando queries primárias, secundárias afetadas e de controle.","['QG10_AdvancedSearchWatchItems', 'QG3_RecommendationByGenreAndSubtype', 'QG9_TopRatedSeriesByGenre']","['QG1_WatchItemById', 'QG2_WatchItemByTitle', 'QG4_AllPersonsOfTypeForWatchItem', 'QG5_AllPersonsForEpisodesOfSeries', 'QG7_UpdateWatchItemMetadata', 'QG8_AddPersonRoleToWatchItem']",['QG6_EpisodesOfSeries'],"['WatchItem', 'Genre']",watchitem_g0,,,,,,,,,,,
watchitem_g2_sf0.25,watchitem_g2,G2,root_local_family,sf0.25,QG8_AddPersonRoleToWatchItem,secondary_affected,cold,10,10,0.3288973006419837,0.2791934966808185,0.6046626524039308,0.7196477296383819,0.2055040022241883,0.7483939989469945,0.1527842411334144,0.0,2.0,WatchItem,shared_descriptor,3,3,6,1,"Testar a configuração watchitem_g2 (G2) na família root_local_family em sf0.25, avaliando queries primárias, secundárias afetadas e de controle.","['QG10_AdvancedSearchWatchItems', 'QG3_RecommendationByGenreAndSubtype', 'QG9_TopRatedSeriesByGenre']","['QG1_WatchItemById', 'QG2_WatchItemByTitle', 'QG4_AllPersonsOfTypeForWatchItem', 'QG5_AllPersonsForEpisodesOfSeries', 'QG7_UpdateWatchItemMetadata', 'QG8_AddPersonRoleToWatchItem']",['QG6_EpisodesOfSeries'],"['WatchItem', 'Genre']",watchitem_g0,,,,,,,,,,,
watchitem_g3_sf0.25,watchitem_g3,G3,root_local_family,sf0.25,QG10_AdvancedSearchWatchItems,primary,cold,10,10,82.68757900077617,91.36280300299404,120.97194580237556,122.62550356470456,16.497715005243663,123.0388930052868,32.927179174913455,6.9,0.0,WatchItem,structural_component,3,3,7,0,"Testar a configuração watchitem_g3 (G3) na família root_local_family em sf0.25, avaliando queries primárias, secundárias afetadas e de controle.","['QG10_AdvancedSearchWatchItems', 'QG3_RecommendationByGenreAndSubtype', 'QG9_TopRatedSeriesByGenre']","['QG1_WatchItemById', 'QG2_WatchItemByTitle', 'QG4_AllPersonsOfTypeForWatchItem', 'QG5_AllPersonsForEpisodesOfSeries', 'QG6_EpisodesOfSeries', 'QG7_UpdateWatchItemMetadata', 'QG8_AddPersonRoleToWatchItem']",[],"['WatchItem', 'Episode', 'Movie', 'Series']",watchitem_g0,watchitem_g0,114.11278120140196,116.65720150267587,190.36419440271857,192.50606768364375,54.57188875458556,-27.53872254253646,-21.682672114418615,-36.452363753628255,-36.30044754421867,-39.66274591852631
watchitem_g3_sf0.25,watchitem_g3,G3,root_local_family,sf0.25,QG3_RecommendationByGenreAndSubtype,primary,cold,10,10,10.211127900402062,5.80535250264802,24.390503750328204,25.369345551152943,1.656546999583952,25.61405600135913,9.020845891509849,20.0,0.0,WatchItem,structural_component,3,3,7,0,"Testar a configuração watchitem_g3 (G3) na família root_local_family em sf0.25, avaliando queries primárias, secundárias afetadas e de controle.","['QG10_AdvancedSearchWatchItems', 'QG3_RecommendationByGenreAndSubtype', 'QG9_TopRatedSeriesByGenre']","['QG1_WatchItemById', 'QG2_WatchItemByTitle', 'QG4_AllPersonsOfTypeForWatchItem', 'QG5_AllPersonsForEpisodesOfSeries', 'QG6_EpisodesOfSeries', 'QG7_UpdateWatchItemMetadata', 'QG8_AddPersonRoleToWatchItem']",[],"['WatchItem', 'Episode', 'Movie', 'Series']",watchitem_g0,watchitem_g0,10.571659699780868,6.944538999960059,24.679365499105185,25.592149099320523,9.113517168344666,-3.4103613776584183,-16.404062203676745,-1.1704585710984106,-0.8705933499484617,-1.0168552395633421
watchitem_g3_sf0.25,watchitem_g3,G3,root_local_family,sf0.25,QG9_TopRatedSeriesByGenre,primary,cold,10,10,22.9196578002302,19.480258004477943,40.41359749862748,46.16678269558179,14.662041998235509,47.60507899482036,9.506717890744472,20.0,0.0,WatchItem,structural_component,3,3,7,0,"Testar a configuração watchitem_g3 (G3) na família root_local_family em sf0.25, avaliando queries primárias, secundárias afetadas e de controle.","['QG10_AdvancedSearchWatchItems', 'QG3_RecommendationByGenreAndSubtype', 'QG9_TopRatedSeriesByGenre']","['QG1_WatchItemById', 'QG2_WatchItemByTitle', 'QG4_AllPersonsOfTypeForWatchItem', 'QG5_AllPersonsForEpisodesOfSeries', 'QG6_EpisodesOfSeries', 'QG7_UpdateWatchItemMetadata', 'QG8_AddPersonRoleToWatchItem']",[],"['WatchItem', 'Episode', 'Movie', 'Series']",watchitem_g0,watchitem_g0,23.816746800002875,20.8613164977578,41.61867895054455,47.75920219231921,9.638844317647257,-3.766631132731215,-6.620188584111156,-2.895530281845478,-3.3342673739083493,-1.3707704217286847
watchitem_g3_sf0.25,watchitem_g3,G3,root_local_family,sf0.25,QG1_WatchItemById,secondary_affected,cold,10,10,0.4782211995916441,0.3954124986194074,0.9438024484552434,1.252019685925916,0.2606579946586862,1.3290739952935835,0.2910521003931796,1.0,0.0,WatchItem,structural_component,3,3,7,0,"Testar a configuração watchitem_g3 (G3) na família root_local_family em sf0.25, avaliando queries primárias, secundárias afetadas e de controle.","['QG10_AdvancedSearchWatchItems', 'QG3_RecommendationByGenreAndSubtype', 'QG9_TopRatedSeriesByGenre']","['QG1_WatchItemById', 'QG2_WatchItemByTitle', 'QG4_AllPersonsOfTypeForWatchItem', 'QG5_AllPersonsForEpisodesOfSeries', 'QG6_EpisodesOfSeries', 'QG7_UpdateWatchItemMetadata', 'QG8_AddPersonRoleToWatchItem']",[],"['WatchItem', 'Episode', 'Movie', 'Series']",watchitem_g0,,,,,,,,,,,
watchitem_g3_sf0.25,watchitem_g3,G3,root_local_family,sf0.25,QG2_WatchItemByTitle,secondary_affected,cold,10,10,0.3724305024661589,0.3668935023597441,0.4440042044734582,0.4530056455405429,0.278692998108454,0.455256005807314,0.0517164723233175,8.2,0.0,WatchItem,structural_component,3,3,7,0,"Testar a configuração watchitem_g3 (G3) na família root_local_family em sf0.25, avaliando queries primárias, secundárias afetadas e de controle.","['QG10_AdvancedSearchWatchItems', 'QG3_RecommendationByGenreAndSubtype', 'QG9_TopRatedSeriesByGenre']","['QG1_WatchItemById', 'QG2_WatchItemByTitle', 'QG4_AllPersonsOfTypeForWatchItem', 'QG5_AllPersonsForEpisodesOfSeries', 'QG6_EpisodesOfSeries', 'QG7_UpdateWatchItemMetadata', 'QG8_AddPersonRoleToWatchItem']",[],"['WatchItem', 'Episode', 'Movie', 'Series']",watchitem_g0,,,,,,,,,,,
watchitem_g3_sf0.25,watchitem_g3,G3,root_local_family,sf0.25,QG4_AllPersonsOfTypeForWatchItem,secondary_affected,cold,10,10,0.7297643001948018,0.7033005022094585,0.8623138499388003,0.916395570820896,0.6666120025329292,0.9299160010414198,0.0748549477103948,8.1,0.0,WatchItem,structural_component,3,3,7,0,"Testar a configuração watchitem_g3 (G3) na família root_local_family em sf0.25, avaliando queries primárias, secundárias afetadas e de controle.","['QG10_AdvancedSearchWatchItems', 'QG3_RecommendationByGenreAndSubtype', 'QG9_TopRatedSeriesByGenre']","['QG1_WatchItemById', 'QG2_WatchItemByTitle', 'QG4_AllPersonsOfTypeForWatchItem', 'QG5_AllPersonsForEpisodesOfSeries', 'QG6_EpisodesOfSeries', 'QG7_UpdateWatchItemMetadata', 'QG8_AddPersonRoleToWatchItem']",[],"['WatchItem', 'Episode', 'Movie', 'Series']",watchitem_g0,,,,,,,,,,,
watchitem_g3_sf0.25,watchitem_g3,G3,root_local_family,sf0.25,QG5_AllPersonsForEpisodesOfSeries,secondary_affected,cold,10,10,59.87049760151422,62.547531502787024,114.22644820013372,119.8247304411052,7.407107004837599,121.22430100134808,38.74204450672876,767.4,0.0,WatchItem,structural_component,3,3,7,0,"Testar a configuração watchitem_g3 (G3) na família root_local_family em sf0.25, avaliando queries primárias, secundárias afetadas e de controle.","['QG10_AdvancedSearchWatchItems', 'QG3_RecommendationByGenreAndSubtype', 'QG9_TopRatedSeriesByGenre']","['QG1_WatchItemById', 'QG2_WatchItemByTitle', 'QG4_AllPersonsOfTypeForWatchItem', 'QG5_AllPersonsForEpisodesOfSeries', 'QG6_EpisodesOfSeries', 'QG7_UpdateWatchItemMetadata', 'QG8_AddPersonRoleToWatchItem']",[],"['WatchItem', 'Episode', 'Movie', 'Series']",watchitem_g0,,,,,,,,,,,
watchitem_g3_sf0.25,watchitem_g3,G3,root_local_family,sf0.25,QG6_EpisodesOfSeries,secondary_affected,cold,10,10,0.8743218997551594,0.8126259999698959,1.1779595486586911,1.2550647073658183,0.7518779966630973,1.2743409970426,0.1603551502235315,3187.0,0.0,WatchItem,structural_component,3,3,7,0,"Testar a configuração watchitem_g3 (G3) na família root_local_family em sf0.25, avaliando queries primárias, secundárias afetadas e de controle.","['QG10_AdvancedSearchWatchItems', 'QG3_RecommendationByGenreAndSubtype', 'QG9_TopRatedSeriesByGenre']","['QG1_WatchItemById', 'QG2_WatchItemByTitle', 'QG4_AllPersonsOfTypeForWatchItem', 'QG5_AllPersonsForEpisodesOfSeries', 'QG6_EpisodesOfSeries', 'QG7_UpdateWatchItemMetadata', 'QG8_AddPersonRoleToWatchItem']",[],"['WatchItem', 'Episode', 'Movie', 'Series']",watchitem_g0,,,,,,,,,,,
watchitem_g3_sf0.25,watchitem_g3,G3,root_local_family,sf0.25,QG7_UpdateWatchItemMetadata,secondary_affected,cold,10,10,0.4631461008102633,0.4573975020321086,0.4977514519850955,0.5085438935930142,0.4321770029491745,0.5112420039949939,0.0213422596634329,0.0,1.0,WatchItem,structural_component,3,3,7,0,"Testar a configuração watchitem_g3 (G3) na família root_local_family em sf0.25, avaliando queries primárias, secundárias afetadas e de controle.","['QG10_AdvancedSearchWatchItems', 'QG3_RecommendationByGenreAndSubtype', 'QG9_TopRatedSeriesByGenre']","['QG1_WatchItemById', 'QG2_WatchItemByTitle', 'QG4_AllPersonsOfTypeForWatchItem', 'QG5_AllPersonsForEpisodesOfSeries', 'QG6_EpisodesOfSeries', 'QG7_UpdateWatchItemMetadata', 'QG8_AddPersonRoleToWatchItem']",[],"['WatchItem', 'Episode', 'Movie', 'Series']",watchitem_g0,,,,,,,,,,,
watchitem_g3_sf0.25,watchitem_g3,G3,root_local_family,sf0.25,QG8_AddPersonRoleToWatchItem,secondary_affected,cold,10,10,0.9047809006005992,0.7861099984438624,1.426659550634212,1.7135871102800593,0.7336920025409199,1.785319000191521,0.3022366019226354,0.0,2.0,WatchItem,structural_component,3,3,7,0,"Testar a configuração watchitem_g3 (G3) na família root_local_family em sf0.25, avaliando queries primárias, secundárias afetadas e de controle.","['QG10_AdvancedSearchWatchItems', 'QG3_RecommendationByGenreAndSubtype', 'QG9_TopRatedSeriesByGenre']","['QG1_WatchItemById', 'QG2_WatchItemByTitle', 'QG4_AllPersonsOfTypeForWatchItem', 'QG5_AllPersonsForEpisodesOfSeries', 'QG6_EpisodesOfSeries', 'QG7_UpdateWatchItemMetadata', 'QG8_AddPersonRoleToWatchItem']",[],"['WatchItem', 'Episode', 'Movie', 'Series']",watchitem_g0,,,,,,,,,,,
watchitem_g4_sf0.25,watchitem_g4,G4,associative_family,sf0.25,QG6_EpisodesOfSeries,control,cold,10,10,0.9849175003182608,0.9531499999866356,1.3458569028443883,1.515992184067727,0.7510060022468679,1.5585260043735616,0.2185551525103526,3187.0,0.0,WatchItem,associative_partial,3,3,6,1,"Testar a configuração watchitem_g4 (G4) na família associative_family em sf0.25, avaliando queries primárias, secundárias afetadas e de controle.","['QG4_AllPersonsOfTypeForWatchItem', 'QG5_AllPersonsForEpisodesOfSeries', 'QG8_AddPersonRoleToWatchItem']","['QG10_AdvancedSearchWatchItems', 'QG1_WatchItemById', 'QG2_WatchItemByTitle', 'QG3_RecommendationByGenreAndSubtype', 'QG7_UpdateWatchItemMetadata', 'QG9_TopRatedSeriesByGenre']",['QG6_EpisodesOfSeries'],"['WatchItem', 'Role']",watchitem_g0,,,,,,,,,,,
watchitem_g4_sf0.25,watchitem_g4,G4,associative_family,sf0.25,QG4_AllPersonsOfTypeForWatchItem,primary,cold,10,10,1.4496114999928975,1.5283469983842224,1.83491485149716,1.9806021721160505,1.041780000377912,2.017024002270773,0.2754218110568769,8.1,0.0,WatchItem,associative_partial,3,3,6,1,"Testar a configuração watchitem_g4 (G4) na família associative_family em sf0.25, avaliando queries primárias, secundárias afetadas e de controle.","['QG4_AllPersonsOfTypeForWatchItem', 'QG5_AllPersonsForEpisodesOfSeries', 'QG8_AddPersonRoleToWatchItem']","['QG10_AdvancedSearchWatchItems', 'QG1_WatchItemById', 'QG2_WatchItemByTitle', 'QG3_RecommendationByGenreAndSubtype', 'QG7_UpdateWatchItemMetadata', 'QG9_TopRatedSeriesByGenre']",['QG6_EpisodesOfSeries'],"['WatchItem', 'Role']",watchitem_g0,,,,,,,,,,,
watchitem_g4_sf0.25,watchitem_g4,G4,associative_family,sf0.25,QG5_AllPersonsForEpisodesOfSeries,primary,cold,10,10,61.68322199955583,66.17607249791035,99.69487514972568,106.44948782733992,14.908867997291964,108.13814099674346,29.17153722544728,767.4,0.0,WatchItem,associative_partial,3,3,6,1,"Testar a configuração watchitem_g4 (G4) na família associative_family em sf0.25, avaliando queries primárias, secundárias afetadas e de controle.","['QG4_AllPersonsOfTypeForWatchItem', 'QG5_AllPersonsForEpisodesOfSeries', 'QG8_AddPersonRoleToWatchItem']","['QG10_AdvancedSearchWatchItems', 'QG1_WatchItemById', 'QG2_WatchItemByTitle', 'QG3_RecommendationByGenreAndSubtype', 'QG7_UpdateWatchItemMetadata', 'QG9_TopRatedSeriesByGenre']",['QG6_EpisodesOfSeries'],"['WatchItem', 'Role']",watchitem_g0,,,,,,,,,,,
watchitem_g4_sf0.25,watchitem_g4,G4,associative_family,sf0.25,QG8_AddPersonRoleToWatchItem,primary,cold,10,10,0.9342024990473874,0.7621779950568452,1.653078102390281,1.950158022227697,0.7318959978874773,2.024428002187051,0.3865977470454985,0.0,2.0,WatchItem,associative_partial,3,3,6,1,"Testar a configuração watchitem_g4 (G4) na família associative_family em sf0.25, avaliando queries primárias, secundárias afetadas e de controle.","['QG4_AllPersonsOfTypeForWatchItem', 'QG5_AllPersonsForEpisodesOfSeries', 'QG8_AddPersonRoleToWatchItem']","['QG10_AdvancedSearchWatchItems', 'QG1_WatchItemById', 'QG2_WatchItemByTitle', 'QG3_RecommendationByGenreAndSubtype', 'QG7_UpdateWatchItemMetadata', 'QG9_TopRatedSeriesByGenre']",['QG6_EpisodesOfSeries'],"['WatchItem', 'Role']",watchitem_g0,,,,,,,,,,,
watchitem_g4_sf0.25,watchitem_g4,G4,associative_family,sf0.25,QG10_AdvancedSearchWatchItems,secondary_affected,cold,10,10,86.79640209957142,81.87870350229787,174.137823847559,196.9774071672873,11.31498799804831,202.68730299721935,52.55375330162712,6.9,0.0,WatchItem,associative_partial,3,3,6,1,"Testar a configuração watchitem_g4 (G4) na família associative_family em sf0.25, avaliando queries primárias, secundárias afetadas e de controle.","['QG4_AllPersonsOfTypeForWatchItem', 'QG5_AllPersonsForEpisodesOfSeries', 'QG8_AddPersonRoleToWatchItem']","['QG10_AdvancedSearchWatchItems', 'QG1_WatchItemById', 'QG2_WatchItemByTitle', 'QG3_RecommendationByGenreAndSubtype', 'QG7_UpdateWatchItemMetadata', 'QG9_TopRatedSeriesByGenre']",['QG6_EpisodesOfSeries'],"['WatchItem', 'Role']",watchitem_g0,,,,,,,,,,,
watchitem_g4_sf0.25,watchitem_g4,G4,associative_family,sf0.25,QG1_WatchItemById,secondary_affected,cold,10,10,0.3589398016629275,0.3559170036169234,0.4589106465573421,0.5163605252164416,0.2582309971330687,0.5307229948812164,0.0658913635646486,1.0,0.0,WatchItem,associative_partial,3,3,6,1,"Testar a configuração watchitem_g4 (G4) na família associative_family em sf0.25, avaliando queries primárias, secundárias afetadas e de controle.","['QG4_AllPersonsOfTypeForWatchItem', 'QG5_AllPersonsForEpisodesOfSeries', 'QG8_AddPersonRoleToWatchItem']","['QG10_AdvancedSearchWatchItems', 'QG1_WatchItemById', 'QG2_WatchItemByTitle', 'QG3_RecommendationByGenreAndSubtype', 'QG7_UpdateWatchItemMetadata', 'QG9_TopRatedSeriesByGenre']",['QG6_EpisodesOfSeries'],"['WatchItem', 'Role']",watchitem_g0,,,,,,,,,,,
watchitem_g4_sf0.25,watchitem_g4,G4,associative_family,sf0.25,QG2_WatchItemByTitle,secondary_affected,cold,10,10,0.3933633997803554,0.3970470024796668,0.451024296489777,0.4559152574802283,0.311329000396654,0.4571379977278411,0.0424065031781354,8.2,0.0,WatchItem,associative_partial,3,3,6,1,"Testar a configuração watchitem_g4 (G4) na família associative_family em sf0.25, avaliando queries primárias, secundárias afetadas e de controle.","['QG4_AllPersonsOfTypeForWatchItem', 'QG5_AllPersonsForEpisodesOfSeries', 'QG8_AddPersonRoleToWatchItem']","['QG10_AdvancedSearchWatchItems', 'QG1_WatchItemById', 'QG2_WatchItemByTitle', 'QG3_RecommendationByGenreAndSubtype', 'QG7_UpdateWatchItemMetadata', 'QG9_TopRatedSeriesByGenre']",['QG6_EpisodesOfSeries'],"['WatchItem', 'Role']",watchitem_g0,,,,,,,,,,,
watchitem_g4_sf0.25,watchitem_g4,G4,associative_family,sf0.25,QG3_RecommendationByGenreAndSubtype,secondary_affected,cold,10,10,10.330696500022896,6.121484500908991,24.147040101524905,24.85691762558417,0.7776630009175278,25.03438700659899,9.09831249883486,20.0,0.0,WatchItem,associative_partial,3,3,6,1,"Testar a configuração watchitem_g4 (G4) na família associative_family em sf0.25, avaliando queries primárias, secundárias afetadas e de controle.","['QG4_AllPersonsOfTypeForWatchItem', 'QG5_AllPersonsForEpisodesOfSeries', 'QG8_AddPersonRoleToWatchItem']","['QG10_AdvancedSearchWatchItems', 'QG1_WatchItemById', 'QG2_WatchItemByTitle', 'QG3_RecommendationByGenreAndSubtype', 'QG7_UpdateWatchItemMetadata', 'QG9_TopRatedSeriesByGenre']",['QG6_EpisodesOfSeries'],"['WatchItem', 'Role']",watchitem_g0,,,,,,,,,,,
watchitem_g4_sf0.25,watchitem_g4,G4,associative_family,sf0.25,QG7_UpdateWatchItemMetadata,secondary_affected,cold,10,10,0.3922757990949321,0.3421830006118398,0.5448620504466816,0.5682300106855109,0.2783439995255321,0.5740720007452182,0.0989903175289203,0.0,1.0,WatchItem,associative_partial,3,3,6,1,"Testar a configuração watchitem_g4 (G4) na família associative_family em sf0.25, avaliando queries primárias, secundárias afetadas e de controle.","['QG4_AllPersonsOfTypeForWatchItem', 'QG5_AllPersonsForEpisodesOfSeries', 'QG8_AddPersonRoleToWatchItem']","['QG10_AdvancedSearchWatchItems', 'QG1_WatchItemById', 'QG2_WatchItemByTitle', 'QG3_RecommendationByGenreAndSubtype', 'QG7_UpdateWatchItemMetadata', 'QG9_TopRatedSeriesByGenre']",['QG6_EpisodesOfSeries'],"['WatchItem', 'Role']",watchitem_g0,,,,,,,,,,,
watchitem_g4_sf0.25,watchitem_g4,G4,associative_family,sf0.25,QG9_TopRatedSeriesByGenre,secondary_affected,cold,10,10,22.121715998946456,18.71019249665551,40.38911934658243,45.794410268208594,14.188191002176607,47.14573299861513,9.767366051859364,20.0,0.0,WatchItem,associative_partial,3,3,6,1,"Testar a configuração watchitem_g4 (G4) na família associative_family em sf0.25, avaliando queries primárias, secundárias afetadas e de controle.","['QG4_AllPersonsOfTypeForWatchItem', 'QG5_AllPersonsForEpisodesOfSeries', 'QG8_AddPersonRoleToWatchItem']","['QG10_AdvancedSearchWatchItems', 'QG1_WatchItemById', 'QG2_WatchItemByTitle', 'QG3_RecommendationByGenreAndSubtype', 'QG7_UpdateWatchItemMetadata', 'QG9_TopRatedSeriesByGenre']",['QG6_EpisodesOfSeries'],"['WatchItem', 'Role']",watchitem_g0,,,,,,,,,,,
watchitem_g5_sf0.25,watchitem_g5,G5,associative_family,sf0.25,QG6_EpisodesOfSeries,control,cold,10,10,0.9292200993513688,0.9235669967893044,1.2917483953060578,1.4216536766616628,0.6102150000515394,1.454129997000564,0.2450877135236291,3187.0,0.0,WatchItem,associative_snapshot,3,3,6,1,"Testar a configuração watchitem_g5 (G5) na família associative_family em sf0.25, avaliando queries primárias, secundárias afetadas e de controle.","['QG4_AllPersonsOfTypeForWatchItem', 'QG5_AllPersonsForEpisodesOfSeries', 'QG8_AddPersonRoleToWatchItem']","['QG10_AdvancedSearchWatchItems', 'QG1_WatchItemById', 'QG2_WatchItemByTitle', 'QG3_RecommendationByGenreAndSubtype', 'QG7_UpdateWatchItemMetadata', 'QG9_TopRatedSeriesByGenre']",['QG6_EpisodesOfSeries'],"['WatchItem', 'Role', 'Person']",watchitem_g0,,,,,,,,,,,
watchitem_g5_sf0.25,watchitem_g5,G5,associative_family,sf0.25,QG4_AllPersonsOfTypeForWatchItem,primary,cold,10,10,0.2998863994434941,0.2421845019853208,0.5670510505296984,0.7199254104489229,0.192291998246219,0.7581440004287288,0.1612702198965782,39.5,0.0,WatchItem,associative_snapshot,3,3,6,1,"Testar a configuração watchitem_g5 (G5) na família associative_family em sf0.25, avaliando queries primárias, secundárias afetadas e de controle.","['QG4_AllPersonsOfTypeForWatchItem', 'QG5_AllPersonsForEpisodesOfSeries', 'QG8_AddPersonRoleToWatchItem']","['QG10_AdvancedSearchWatchItems', 'QG1_WatchItemById', 'QG2_WatchItemByTitle', 'QG3_RecommendationByGenreAndSubtype', 'QG7_UpdateWatchItemMetadata', 'QG9_TopRatedSeriesByGenre']",['QG6_EpisodesOfSeries'],"['WatchItem', 'Role', 'Person']",watchitem_g0,,,,,,,,,,,
watchitem_g5_sf0.25,watchitem_g5,G5,associative_family,sf0.25,QG5_AllPersonsForEpisodesOfSeries,primary,cold,10,10,70.76775099922088,80.5472314968938,111.88450190020372,120.62092358086376,16.14945100300247,122.80502900102874,34.77325539085833,19544.8,0.0,WatchItem,associative_snapshot,3,3,6,1,"Testar a configuração watchitem_g5 (G5) na família associative_family em sf0.25, avaliando queries primárias, secundárias afetadas e de controle.","['QG4_AllPersonsOfTypeForWatchItem', 'QG5_AllPersonsForEpisodesOfSeries', 'QG8_AddPersonRoleToWatchItem']","['QG10_AdvancedSearchWatchItems', 'QG1_WatchItemById', 'QG2_WatchItemByTitle', 'QG3_RecommendationByGenreAndSubtype', 'QG7_UpdateWatchItemMetadata', 'QG9_TopRatedSeriesByGenre']",['QG6_EpisodesOfSeries'],"['WatchItem', 'Role', 'Person']",watchitem_g0,,,,,,,,,,,
watchitem_g5_sf0.25,watchitem_g5,G5,associative_family,sf0.25,QG8_AddPersonRoleToWatchItem,primary,cold,10,10,0.9343726007500665,0.752116997318808,1.7333108495222391,2.21916216716636,0.7166970026446506,2.340624996577389,0.474779250768624,0.0,2.0,WatchItem,associative_snapshot,3,3,6,1,"Testar a configuração watchitem_g5 (G5) na família associative_family em sf0.25, avaliando queries primárias, secundárias afetadas e de controle.","['QG4_AllPersonsOfTypeForWatchItem', 'QG5_AllPersonsForEpisodesOfSeries', 'QG8_AddPersonRoleToWatchItem']","['QG10_AdvancedSearchWatchItems', 'QG1_WatchItemById', 'QG2_WatchItemByTitle', 'QG3_RecommendationByGenreAndSubtype', 'QG7_UpdateWatchItemMetadata', 'QG9_TopRatedSeriesByGenre']",['QG6_EpisodesOfSeries'],"['WatchItem', 'Role', 'Person']",watchitem_g0,,,,,,,,,,,
watchitem_g5_sf0.25,watchitem_g5,G5,associative_family,sf0.25,QG10_AdvancedSearchWatchItems,secondary_affected,cold,10,10,114.202710401878,118.67192049976438,198.2556674032821,207.41913908248532,16.884034004760906,209.71000700228612,59.87032764864015,6.9,0.0,WatchItem,associative_snapshot,3,3,6,1,"Testar a configuração watchitem_g5 (G5) na família associative_family em sf0.25, avaliando queries primárias, secundárias afetadas e de controle.","['QG4_AllPersonsOfTypeForWatchItem', 'QG5_AllPersonsForEpisodesOfSeries', 'QG8_AddPersonRoleToWatchItem']","['QG10_AdvancedSearchWatchItems', 'QG1_WatchItemById', 'QG2_WatchItemByTitle', 'QG3_RecommendationByGenreAndSubtype', 'QG7_UpdateWatchItemMetadata', 'QG9_TopRatedSeriesByGenre']",['QG6_EpisodesOfSeries'],"['WatchItem', 'Role', 'Person']",watchitem_g0,,,,,,,,,,,
watchitem_g5_sf0.25,watchitem_g5,G5,associative_family,sf0.25,QG1_WatchItemById,secondary_affected,cold,10,10,0.3534055998898111,0.3284484992036596,0.4712457517598521,0.522194754666998,0.2862269975594245,0.5349320053937845,0.0672708639728286,1.0,0.0,WatchItem,associative_snapshot,3,3,6,1,"Testar a configuração watchitem_g5 (G5) na família associative_family em sf0.25, avaliando queries primárias, secundárias afetadas e de controle.","['QG4_AllPersonsOfTypeForWatchItem', 'QG5_AllPersonsForEpisodesOfSeries', 'QG8_AddPersonRoleToWatchItem']","['QG10_AdvancedSearchWatchItems', 'QG1_WatchItemById', 'QG2_WatchItemByTitle', 'QG3_RecommendationByGenreAndSubtype', 'QG7_UpdateWatchItemMetadata', 'QG9_TopRatedSeriesByGenre']",['QG6_EpisodesOfSeries'],"['WatchItem', 'Role', 'Person']",watchitem_g0,,,,,,,,,,,
watchitem_g5_sf0.25,watchitem_g5,G5,associative_family,sf0.25,QG2_WatchItemByTitle,secondary_affected,cold,10,10,0.4234601990901865,0.4139199954806827,0.4998129024897935,0.5064145811047638,0.3422049994696863,0.5080650007585064,0.0512639891800034,8.2,0.0,WatchItem,associative_snapshot,3,3,6,1,"Testar a configuração watchitem_g5 (G5) na família associative_family em sf0.25, avaliando queries primárias, secundárias afetadas e de controle.","['QG4_AllPersonsOfTypeForWatchItem', 'QG5_AllPersonsForEpisodesOfSeries', 'QG8_AddPersonRoleToWatchItem']","['QG10_AdvancedSearchWatchItems', 'QG1_WatchItemById', 'QG2_WatchItemByTitle', 'QG3_RecommendationByGenreAndSubtype', 'QG7_UpdateWatchItemMetadata', 'QG9_TopRatedSeriesByGenre']",['QG6_EpisodesOfSeries'],"['WatchItem', 'Role', 'Person']",watchitem_g0,,,,,,,,,,,
watchitem_g5_sf0.25,watchitem_g5,G5,associative_family,sf0.25,QG3_RecommendationByGenreAndSubtype,secondary_affected,cold,10,10,10.7309378006903,5.921882999246009,26.300567002181197,27.003215003787773,0.7675160013604909,27.178877004189417,9.892014278695312,20.0,0.0,WatchItem,associative_snapshot,3,3,6,1,"Testar a configuração watchitem_g5 (G5) na família associative_family em sf0.25, avaliando queries primárias, secundárias afetadas e de controle.","['QG4_AllPersonsOfTypeForWatchItem', 'QG5_AllPersonsForEpisodesOfSeries', 'QG8_AddPersonRoleToWatchItem']","['QG10_AdvancedSearchWatchItems', 'QG1_WatchItemById', 'QG2_WatchItemByTitle', 'QG3_RecommendationByGenreAndSubtype', 'QG7_UpdateWatchItemMetadata', 'QG9_TopRatedSeriesByGenre']",['QG6_EpisodesOfSeries'],"['WatchItem', 'Role', 'Person']",watchitem_g0,,,,,,,,,,,
watchitem_g5_sf0.25,watchitem_g5,G5,associative_family,sf0.25,QG7_UpdateWatchItemMetadata,secondary_affected,cold,10,10,0.4025750007713213,0.3937779983971268,0.4956187520292587,0.4992493524332531,0.295769001240842,0.5001570025342517,0.0641590923768555,0.0,1.0,WatchItem,associative_snapshot,3,3,6,1,"Testar a configuração watchitem_g5 (G5) na família associative_family em sf0.25, avaliando queries primárias, secundárias afetadas e de controle.","['QG4_AllPersonsOfTypeForWatchItem', 'QG5_AllPersonsForEpisodesOfSeries', 'QG8_AddPersonRoleToWatchItem']","['QG10_AdvancedSearchWatchItems', 'QG1_WatchItemById', 'QG2_WatchItemByTitle', 'QG3_RecommendationByGenreAndSubtype', 'QG7_UpdateWatchItemMetadata', 'QG9_TopRatedSeriesByGenre']",['QG6_EpisodesOfSeries'],"['WatchItem', 'Role', 'Person']",watchitem_g0,,,,,,,,,,,
watchitem_g5_sf0.25,watchitem_g5,G5,associative_family,sf0.25,QG9_TopRatedSeriesByGenre,secondary_affected,cold,10,10,24.51307309893309,21.434669997688616,42.76912424829786,49.08136964892037,16.19433899759315,50.659430999076,9.956650536003048,20.0,0.0,WatchItem,associative_snapshot,3,3,6,1,"Testar a configuração watchitem_g5 (G5) na família associative_family em sf0.25, avaliando queries primárias, secundárias afetadas e de controle.","['QG4_AllPersonsOfTypeForWatchItem', 'QG5_AllPersonsForEpisodesOfSeries', 'QG8_AddPersonRoleToWatchItem']","['QG10_AdvancedSearchWatchItems', 'QG1_WatchItemById', 'QG2_WatchItemByTitle', 'QG3_RecommendationByGenreAndSubtype', 'QG7_UpdateWatchItemMetadata', 'QG9_TopRatedSeriesByGenre']",['QG6_EpisodesOfSeries'],"['WatchItem', 'Role', 'Person']",watchitem_g0,,,,,,,,,,,
watchitem_g6_sf0.25,watchitem_g6,G6,associative_family,sf0.25,QG6_EpisodesOfSeries,control,cold,10,10,0.8993023009679746,0.8120460006466601,1.342320754702086,1.5848833540076157,0.7448399992426857,1.645524003833998,0.2564211103581065,3187.0,0.0,WatchItem,associative_full,3,3,6,1,"Testar a configuração watchitem_g6 (G6) na família associative_family em sf0.25, avaliando queries primárias, secundárias afetadas e de controle.","['QG4_AllPersonsOfTypeForWatchItem', 'QG5_AllPersonsForEpisodesOfSeries', 'QG8_AddPersonRoleToWatchItem']","['QG10_AdvancedSearchWatchItems', 'QG1_WatchItemById', 'QG2_WatchItemByTitle', 'QG3_RecommendationByGenreAndSubtype', 'QG7_UpdateWatchItemMetadata', 'QG9_TopRatedSeriesByGenre']",['QG6_EpisodesOfSeries'],"['WatchItem', 'Role', 'Person']",watchitem_g0,,,,,,,,,,,
watchitem_g6_sf0.25,watchitem_g6,G6,associative_family,sf0.25,QG4_AllPersonsOfTypeForWatchItem,primary,cold,10,10,0.4608156006725039,0.4002590030722786,0.7896679489931551,1.0258311878715176,0.3413320009713061,1.084871997591108,0.2100422579985806,39.5,0.0,WatchItem,associative_full,3,3,6,1,"Testar a configuração watchitem_g6 (G6) na família associative_family em sf0.25, avaliando queries primárias, secundárias afetadas e de controle.","['QG4_AllPersonsOfTypeForWatchItem', 'QG5_AllPersonsForEpisodesOfSeries', 'QG8_AddPersonRoleToWatchItem']","['QG10_AdvancedSearchWatchItems', 'QG1_WatchItemById', 'QG2_WatchItemByTitle', 'QG3_RecommendationByGenreAndSubtype', 'QG7_UpdateWatchItemMetadata', 'QG9_TopRatedSeriesByGenre']",['QG6_EpisodesOfSeries'],"['WatchItem', 'Role', 'Person']",watchitem_g0,,,,,,,,,,,
watchitem_g6_sf0.25,watchitem_g6,G6,associative_family,sf0.25,QG5_AllPersonsForEpisodesOfSeries,primary,cold,10,10,76.26610199949937,88.4892284993839,126.25631040027652,135.1346116784407,15.371675995993428,137.35418699798174,40.04827741172096,19544.8,0.0,WatchItem,associative_full,3,3,6,1,"Testar a configuração watchitem_g6 (G6) na família associative_family em sf0.25, avaliando queries primárias, secundárias afetadas e de controle.","['QG4_AllPersonsOfTypeForWatchItem', 'QG5_AllPersonsForEpisodesOfSeries', 'QG8_AddPersonRoleToWatchItem']","['QG10_AdvancedSearchWatchItems', 'QG1_WatchItemById', 'QG2_WatchItemByTitle', 'QG3_RecommendationByGenreAndSubtype', 'QG7_UpdateWatchItemMetadata', 'QG9_TopRatedSeriesByGenre']",['QG6_EpisodesOfSeries'],"['WatchItem', 'Role', 'Person']",watchitem_g0,,,,,,,,,,,
watchitem_g6_sf0.25,watchitem_g6,G6,associative_family,sf0.25,QG8_AddPersonRoleToWatchItem,primary,cold,10,10,1.0366044007241726,0.8591285004513338,1.8147508988477044,2.229599777419935,0.7264000014401972,2.3333119970629923,0.4588714386133826,0.0,2.0,WatchItem,associative_full,3,3,6,1,"Testar a configuração watchitem_g6 (G6) na família associative_family em sf0.25, avaliando queries primárias, secundárias afetadas e de controle.","['QG4_AllPersonsOfTypeForWatchItem', 'QG5_AllPersonsForEpisodesOfSeries', 'QG8_AddPersonRoleToWatchItem']","['QG10_AdvancedSearchWatchItems', 'QG1_WatchItemById', 'QG2_WatchItemByTitle', 'QG3_RecommendationByGenreAndSubtype', 'QG7_UpdateWatchItemMetadata', 'QG9_TopRatedSeriesByGenre']",['QG6_EpisodesOfSeries'],"['WatchItem', 'Role', 'Person']",watchitem_g0,,,,,,,,,,,
watchitem_g6_sf0.25,watchitem_g6,G6,associative_family,sf0.25,QG10_AdvancedSearchWatchItems,secondary_affected,cold,10,10,107.6996150004561,115.12101950211218,177.2603245473874,187.145874506532,17.985762002354022,189.6172619963181,49.67652750328557,6.9,0.0,WatchItem,associative_full,3,3,6,1,"Testar a configuração watchitem_g6 (G6) na família associative_family em sf0.25, avaliando queries primárias, secundárias afetadas e de controle.","['QG4_AllPersonsOfTypeForWatchItem', 'QG5_AllPersonsForEpisodesOfSeries', 'QG8_AddPersonRoleToWatchItem']","['QG10_AdvancedSearchWatchItems', 'QG1_WatchItemById', 'QG2_WatchItemByTitle', 'QG3_RecommendationByGenreAndSubtype', 'QG7_UpdateWatchItemMetadata', 'QG9_TopRatedSeriesByGenre']",['QG6_EpisodesOfSeries'],"['WatchItem', 'Role', 'Person']",watchitem_g0,,,,,,,,,,,
watchitem_g6_sf0.25,watchitem_g6,G6,associative_family,sf0.25,QG1_WatchItemById,secondary_affected,cold,10,10,0.3902552998624742,0.3628970007412135,0.5557667489483719,0.5805437516391976,0.2864929992938414,0.586738002311904,0.0918675976757569,1.0,0.0,WatchItem,associative_full,3,3,6,1,"Testar a configuração watchitem_g6 (G6) na família associative_family em sf0.25, avaliando queries primárias, secundárias afetadas e de controle.","['QG4_AllPersonsOfTypeForWatchItem', 'QG5_AllPersonsForEpisodesOfSeries', 'QG8_AddPersonRoleToWatchItem']","['QG10_AdvancedSearchWatchItems', 'QG1_WatchItemById', 'QG2_WatchItemByTitle', 'QG3_RecommendationByGenreAndSubtype', 'QG7_UpdateWatchItemMetadata', 'QG9_TopRatedSeriesByGenre']",['QG6_EpisodesOfSeries'],"['WatchItem', 'Role', 'Person']",watchitem_g0,,,,,,,,,,,
watchitem_g6_sf0.25,watchitem_g6,G6,associative_family,sf0.25,QG2_WatchItemByTitle,secondary_affected,cold,10,10,0.437155801046174,0.4355970013421029,0.518530002591433,0.5187748013122473,0.3717159997904673,0.5188360009924509,0.0525197453702006,8.2,0.0,WatchItem,associative_full,3,3,6,1,"Testar a configuração watchitem_g6 (G6) na família associative_family em sf0.25, avaliando queries primárias, secundárias afetadas e de controle.","['QG4_AllPersonsOfTypeForWatchItem', 'QG5_AllPersonsForEpisodesOfSeries', 'QG8_AddPersonRoleToWatchItem']","['QG10_AdvancedSearchWatchItems', 'QG1_WatchItemById', 'QG2_WatchItemByTitle', 'QG3_RecommendationByGenreAndSubtype', 'QG7_UpdateWatchItemMetadata', 'QG9_TopRatedSeriesByGenre']",['QG6_EpisodesOfSeries'],"['WatchItem', 'Role', 'Person']",watchitem_g0,,,,,,,,,,,
watchitem_g6_sf0.25,watchitem_g6,G6,associative_family,sf0.25,QG3_RecommendationByGenreAndSubtype,secondary_affected,cold,10,10,11.220149998553095,6.349500501528382,27.158424997469407,27.83081140019931,0.8587030024500564,27.998908000881784,10.186417174045683,20.0,0.0,WatchItem,associative_full,3,3,6,1,"Testar a configuração watchitem_g6 (G6) na família associative_family em sf0.25, avaliando queries primárias, secundárias afetadas e de controle.","['QG4_AllPersonsOfTypeForWatchItem', 'QG5_AllPersonsForEpisodesOfSeries', 'QG8_AddPersonRoleToWatchItem']","['QG10_AdvancedSearchWatchItems', 'QG1_WatchItemById', 'QG2_WatchItemByTitle', 'QG3_RecommendationByGenreAndSubtype', 'QG7_UpdateWatchItemMetadata', 'QG9_TopRatedSeriesByGenre']",['QG6_EpisodesOfSeries'],"['WatchItem', 'Role', 'Person']",watchitem_g0,,,,,,,,,,,
watchitem_g6_sf0.25,watchitem_g6,G6,associative_family,sf0.25,QG7_UpdateWatchItemMetadata,secondary_affected,cold,10,10,0.3979610009992029,0.3970310026488732,0.4621680480340728,0.4719928093982162,0.3411319994484074,0.474448999739252,0.0446167608310545,0.0,1.0,WatchItem,associative_full,3,3,6,1,"Testar a configuração watchitem_g6 (G6) na família associative_family em sf0.25, avaliando queries primárias, secundárias afetadas e de controle.","['QG4_AllPersonsOfTypeForWatchItem', 'QG5_AllPersonsForEpisodesOfSeries', 'QG8_AddPersonRoleToWatchItem']","['QG10_AdvancedSearchWatchItems', 'QG1_WatchItemById', 'QG2_WatchItemByTitle', 'QG3_RecommendationByGenreAndSubtype', 'QG7_UpdateWatchItemMetadata', 'QG9_TopRatedSeriesByGenre']",['QG6_EpisodesOfSeries'],"['WatchItem', 'Role', 'Person']",watchitem_g0,,,,,,,,,,,
watchitem_g6_sf0.25,watchitem_g6,G6,associative_family,sf0.25,QG9_TopRatedSeriesByGenre,secondary_affected,cold,10,10,24.860165098652946,22.217699497559806,43.65515509962277,49.80643262177182,16.29092999792192,51.34425200230908,10.17498398637769,20.0,0.0,WatchItem,associative_full,3,3,6,1,"Testar a configuração watchitem_g6 (G6) na família associative_family em sf0.25, avaliando queries primárias, secundárias afetadas e de controle.","['QG4_AllPersonsOfTypeForWatchItem', 'QG5_AllPersonsForEpisodesOfSeries', 'QG8_AddPersonRoleToWatchItem']","['QG10_AdvancedSearchWatchItems', 'QG1_WatchItemById', 'QG2_WatchItemByTitle', 'QG3_RecommendationByGenreAndSubtype', 'QG7_UpdateWatchItemMetadata', 'QG9_TopRatedSeriesByGenre']",['QG6_EpisodesOfSeries'],"['WatchItem', 'Role', 'Person']",watchitem_g0,,,,,,,,,,,
series_g7_sf0.25,series_g7,G7,containment_family,sf0.25,QG1_WatchItemById,control,cold,10,10,0.5472479992022272,0.4401365004014224,1.0749460478109532,1.401916407994577,0.3724730049725622,1.4836589980404824,0.3194629560552066,1.0,0.0,Series,containment_baseline,1,1,4,5,"Testar a configuração series_g7 (G7) na família containment_family em sf0.25, avaliando queries primárias, secundárias afetadas e de controle.",['QG6_EpisodesOfSeries'],"['QG10_AdvancedSearchWatchItems', 'QG3_RecommendationByGenreAndSubtype', 'QG5_AllPersonsForEpisodesOfSeries', 'QG9_TopRatedSeriesByGenre']","['QG1_WatchItemById', 'QG2_WatchItemByTitle', 'QG4_AllPersonsOfTypeForWatchItem', 'QG7_UpdateWatchItemMetadata', 'QG8_AddPersonRoleToWatchItem']",['Series'],series_g7,series_g7,0.5472479992022272,0.4401365004014224,1.0749460478109532,1.401916407994577,0.3194629560552066,0.0,0.0,0.0,0.0,0.0
series_g7_sf0.25,series_g7,G7,containment_family,sf0.25,QG2_WatchItemByTitle,control,cold,10,10,0.4266231990186497,0.4100214973732363,0.6921366006281457,0.7866049215226667,0.2701479970710352,0.8102220017462969,0.1489592184843581,8.2,0.0,Series,containment_baseline,1,1,4,5,"Testar a configuração series_g7 (G7) na família containment_family em sf0.25, avaliando queries primárias, secundárias afetadas e de controle.",['QG6_EpisodesOfSeries'],"['QG10_AdvancedSearchWatchItems', 'QG3_RecommendationByGenreAndSubtype', 'QG5_AllPersonsForEpisodesOfSeries', 'QG9_TopRatedSeriesByGenre']","['QG1_WatchItemById', 'QG2_WatchItemByTitle', 'QG4_AllPersonsOfTypeForWatchItem', 'QG7_UpdateWatchItemMetadata', 'QG8_AddPersonRoleToWatchItem']",['Series'],series_g7,series_g7,0.4266231990186497,0.4100214973732363,0.6921366006281457,0.7866049215226667,0.1489592184843581,0.0,0.0,0.0,0.0,0.0
series_g7_sf0.25,series_g7,G7,containment_family,sf0.25,QG4_AllPersonsOfTypeForWatchItem,control,cold,10,10,0.7842412996978965,0.7658524955331814,0.9954198485502272,1.1076271683123196,0.6590839984710328,1.1356789982528426,0.1260057623178689,8.1,0.0,Series,containment_baseline,1,1,4,5,"Testar a configuração series_g7 (G7) na família containment_family em sf0.25, avaliando queries primárias, secundárias afetadas e de controle.",['QG6_EpisodesOfSeries'],"['QG10_AdvancedSearchWatchItems', 'QG3_RecommendationByGenreAndSubtype', 'QG5_AllPersonsForEpisodesOfSeries', 'QG9_TopRatedSeriesByGenre']","['QG1_WatchItemById', 'QG2_WatchItemByTitle', 'QG4_AllPersonsOfTypeForWatchItem', 'QG7_UpdateWatchItemMetadata', 'QG8_AddPersonRoleToWatchItem']",['Series'],series_g7,series_g7,0.7842412996978965,0.7658524955331814,0.9954198485502272,1.1076271683123196,0.1260057623178689,0.0,0.0,0.0,0.0,0.0
series_g7_sf0.25,series_g7,G7,containment_family,sf0.25,QG7_UpdateWatchItemMetadata,control,cold,10,10,0.4297114996006712,0.4319899999245535,0.5263733510219025,0.5643450749630574,0.2866169961635023,0.5738380059483461,0.0697287938412771,0.0,1.0,Series,containment_baseline,1,1,4,5,"Testar a configuração series_g7 (G7) na família containment_family em sf0.25, avaliando queries primárias, secundárias afetadas e de controle.",['QG6_EpisodesOfSeries'],"['QG10_AdvancedSearchWatchItems', 'QG3_RecommendationByGenreAndSubtype', 'QG5_AllPersonsForEpisodesOfSeries', 'QG9_TopRatedSeriesByGenre']","['QG1_WatchItemById', 'QG2_WatchItemByTitle', 'QG4_AllPersonsOfTypeForWatchItem', 'QG7_UpdateWatchItemMetadata', 'QG8_AddPersonRoleToWatchItem']",['Series'],series_g7,series_g7,0.4297114996006712,0.4319899999245535,0.5263733510219025,0.5643450749630574,0.0697287938412771,0.0,0.0,0.0,0.0,0.0
series_g7_sf0.25,series_g7,G7,containment_family,sf0.25,QG8_AddPersonRoleToWatchItem,control,cold,10,10,0.5151836005097721,0.4535849984677043,0.74066360029974,0.8189679212227929,0.4409100001794286,0.8385440014535561,0.1200810135337711,0.0,2.0,Series,containment_baseline,1,1,4,5,"Testar a configuração series_g7 (G7) na família containment_family em sf0.25, avaliando queries primárias, secundárias afetadas e de controle.",['QG6_EpisodesOfSeries'],"['QG10_AdvancedSearchWatchItems', 'QG3_RecommendationByGenreAndSubtype', 'QG5_AllPersonsForEpisodesOfSeries', 'QG9_TopRatedSeriesByGenre']","['QG1_WatchItemById', 'QG2_WatchItemByTitle', 'QG4_AllPersonsOfTypeForWatchItem', 'QG7_UpdateWatchItemMetadata', 'QG8_AddPersonRoleToWatchItem']",['Series'],series_g7,series_g7,0.5151836005097721,0.4535849984677043,0.74066360029974,0.8189679212227929,0.1200810135337711,0.0,0.0,0.0,0.0,0.0
series_g7_sf0.25,series_g7,G7,containment_family,sf0.25,QG6_EpisodesOfSeries,primary,cold,10,10,0.800439300655853,0.7679230002395343,0.9748085016326512,1.0497496991592925,0.7127360004233196,1.0684849985409528,0.1007164892173772,3187.0,0.0,Series,containment_baseline,1,1,4,5,"Testar a configuração series_g7 (G7) na família containment_family em sf0.25, avaliando queries primárias, secundárias afetadas e de controle.",['QG6_EpisodesOfSeries'],"['QG10_AdvancedSearchWatchItems', 'QG3_RecommendationByGenreAndSubtype', 'QG5_AllPersonsForEpisodesOfSeries', 'QG9_TopRatedSeriesByGenre']","['QG1_WatchItemById', 'QG2_WatchItemByTitle', 'QG4_AllPersonsOfTypeForWatchItem', 'QG7_UpdateWatchItemMetadata', 'QG8_AddPersonRoleToWatchItem']",['Series'],series_g7,series_g7,0.800439300655853,0.7679230002395343,0.9748085016326512,1.0497496991592925,0.1007164892173772,0.0,0.0,0.0,0.0,0.0
series_g7_sf0.25,series_g7,G7,containment_family,sf0.25,QG10_AdvancedSearchWatchItems,secondary_affected,cold,10,10,109.250316399266,110.16471999755596,178.44480384883354,182.67666396786808,16.82025300397072,183.73462899762671,50.84831059802367,6.9,0.0,Series,containment_baseline,1,1,4,5,"Testar a configuração series_g7 (G7) na família containment_family em sf0.25, avaliando queries primárias, secundárias afetadas e de controle.",['QG6_EpisodesOfSeries'],"['QG10_AdvancedSearchWatchItems', 'QG3_RecommendationByGenreAndSubtype', 'QG5_AllPersonsForEpisodesOfSeries', 'QG9_TopRatedSeriesByGenre']","['QG1_WatchItemById', 'QG2_WatchItemByTitle', 'QG4_AllPersonsOfTypeForWatchItem', 'QG7_UpdateWatchItemMetadata', 'QG8_AddPersonRoleToWatchItem']",['Series'],series_g7,series_g7,109.250316399266,110.16471999755596,178.44480384883354,182.67666396786808,50.84831059802367,0.0,0.0,0.0,0.0,0.0
series_g7_sf0.25,series_g7,G7,containment_family,sf0.25,QG3_RecommendationByGenreAndSubtype,secondary_affected,cold,10,10,9.99524829821894,5.760926498624031,23.42901169613469,24.1199647373287,1.1233729965169914,24.2927029976272,8.758760072460097,20.0,0.0,Series,containment_baseline,1,1,4,5,"Testar a configuração series_g7 (G7) na família containment_family em sf0.25, avaliando queries primárias, secundárias afetadas e de controle.",['QG6_EpisodesOfSeries'],"['QG10_AdvancedSearchWatchItems', 'QG3_RecommendationByGenreAndSubtype', 'QG5_AllPersonsForEpisodesOfSeries', 'QG9_TopRatedSeriesByGenre']","['QG1_WatchItemById', 'QG2_WatchItemByTitle', 'QG4_AllPersonsOfTypeForWatchItem', 'QG7_UpdateWatchItemMetadata', 'QG8_AddPersonRoleToWatchItem']",['Series'],series_g7,series_g7,9.99524829821894,5.760926498624031,23.42901169613469,24.1199647373287,8.758760072460097,0.0,0.0,0.0,0.0,0.0
series_g7_sf0.25,series_g7,G7,containment_family,sf0.25,QG5_AllPersonsForEpisodesOfSeries,secondary_affected,cold,10,10,72.92875810016994,87.54945550026605,124.21344900103576,125.03511299997626,7.383472999208607,125.2405289997114,43.81288364235793,767.4,0.0,Series,containment_baseline,1,1,4,5,"Testar a configuração series_g7 (G7) na família containment_family em sf0.25, avaliando queries primárias, secundárias afetadas e de controle.",['QG6_EpisodesOfSeries'],"['QG10_AdvancedSearchWatchItems', 'QG3_RecommendationByGenreAndSubtype', 'QG5_AllPersonsForEpisodesOfSeries', 'QG9_TopRatedSeriesByGenre']","['QG1_WatchItemById', 'QG2_WatchItemByTitle', 'QG4_AllPersonsOfTypeForWatchItem', 'QG7_UpdateWatchItemMetadata', 'QG8_AddPersonRoleToWatchItem']",['Series'],series_g7,series_g7,72.92875810016994,87.54945550026605,124.21344900103576,125.03511299997626,43.81288364235793,0.0,0.0,0.0,0.0,0.0
series_g7_sf0.25,series_g7,G7,containment_family,sf0.25,QG9_TopRatedSeriesByGenre,secondary_affected,cold,10,10,4.866055298771244,3.1559755007037893,12.40151049823907,14.42793249785609,1.2416149984346705,14.934537997760344,4.056374800483845,20.0,0.0,Series,containment_baseline,1,1,4,5,"Testar a configuração series_g7 (G7) na família containment_family em sf0.25, avaliando queries primárias, secundárias afetadas e de controle.",['QG6_EpisodesOfSeries'],"['QG10_AdvancedSearchWatchItems', 'QG3_RecommendationByGenreAndSubtype', 'QG5_AllPersonsForEpisodesOfSeries', 'QG9_TopRatedSeriesByGenre']","['QG1_WatchItemById', 'QG2_WatchItemByTitle', 'QG4_AllPersonsOfTypeForWatchItem', 'QG7_UpdateWatchItemMetadata', 'QG8_AddPersonRoleToWatchItem']",['Series'],series_g7,series_g7,4.866055298771244,3.1559755007037893,12.40151049823907,14.42793249785609,4.056374800483845,0.0,0.0,0.0,0.0,0.0
series_g8_sf0.25,series_g8,G8,containment_family,sf0.25,QG1_WatchItemById,control,cold,10,10,0.3317141010484192,0.2807720011333003,0.5705140989448405,0.7077540222962853,0.2626710047479719,0.7420640031341463,0.1393742071761983,1.0,0.0,Series,containment_reduced,1,1,4,5,"Testar a configuração series_g8 (G8) na família containment_family em sf0.25, avaliando queries primárias, secundárias afetadas e de controle.",['QG6_EpisodesOfSeries'],"['QG10_AdvancedSearchWatchItems', 'QG3_RecommendationByGenreAndSubtype', 'QG5_AllPersonsForEpisodesOfSeries', 'QG9_TopRatedSeriesByGenre']","['QG1_WatchItemById', 'QG2_WatchItemByTitle', 'QG4_AllPersonsOfTypeForWatchItem', 'QG7_UpdateWatchItemMetadata', 'QG8_AddPersonRoleToWatchItem']","['Series', 'Episode']",series_g7,series_g7,0.5472479992022272,0.4401365004014224,1.0749460478109532,1.401916407994577,0.3194629560552066,-39.385050008042285,-36.20797164579061,-46.92625735899494,-49.51524796626654,-56.37234160191238
series_g8_sf0.25,series_g8,G8,containment_family,sf0.25,QG2_WatchItemByTitle,control,cold,10,10,0.3985055009252392,0.4131699970457703,0.5089624522952363,0.5134188901865855,0.2665600040927529,0.5145329996594228,0.0949766837278408,8.2,0.0,Series,containment_reduced,1,1,4,5,"Testar a configuração series_g8 (G8) na família containment_family em sf0.25, avaliando queries primárias, secundárias afetadas e de controle.",['QG6_EpisodesOfSeries'],"['QG10_AdvancedSearchWatchItems', 'QG3_RecommendationByGenreAndSubtype', 'QG5_AllPersonsForEpisodesOfSeries', 'QG9_TopRatedSeriesByGenre']","['QG1_WatchItemById', 'QG2_WatchItemByTitle', 'QG4_AllPersonsOfTypeForWatchItem', 'QG7_UpdateWatchItemMetadata', 'QG8_AddPersonRoleToWatchItem']","['Series', 'Episode']",series_g7,series_g7,0.4266231990186497,0.4100214973732363,0.6921366006281457,0.7866049215226667,0.1489592184843581,-6.5907569391652725,0.7678864870999602,-26.465028459218964,-34.72976380662133,-36.239807986228065
series_g8_sf0.25,series_g8,G8,containment_family,sf0.25,QG4_AllPersonsOfTypeForWatchItem,control,cold,10,10,0.7275682983163279,0.6971169968892355,0.8551004477340028,0.874734487515525,0.654414005111903,0.8796429974609055,0.0708142276456087,8.1,0.0,Series,containment_reduced,1,1,4,5,"Testar a configuração series_g8 (G8) na família containment_family em sf0.25, avaliando queries primárias, secundárias afetadas e de controle.",['QG6_EpisodesOfSeries'],"['QG10_AdvancedSearchWatchItems', 'QG3_RecommendationByGenreAndSubtype', 'QG5_AllPersonsForEpisodesOfSeries', 'QG9_TopRatedSeriesByGenre']","['QG1_WatchItemById', 'QG2_WatchItemByTitle', 'QG4_AllPersonsOfTypeForWatchItem', 'QG7_UpdateWatchItemMetadata', 'QG8_AddPersonRoleToWatchItem']","['Series', 'Episode']",series_g7,series_g7,0.7842412996978965,0.7658524955331814,0.9954198485502272,1.1076271683123196,0.1260057623178689,-7.226474989700242,-8.975030968083836,-14.09650420579735,-21.02627016197615,-43.80080216730967
series_g8_sf0.25,series_g8,G8,containment_family,sf0.25,QG7_UpdateWatchItemMetadata,control,cold,10,10,0.2687152002181392,0.2603934990474954,0.3104291019553784,0.311531421757536,0.2397670032223686,0.3118070017080754,0.0247104607134132,0.0,0.0,Series,containment_reduced,1,1,4,5,"Testar a configuração series_g8 (G8) na família containment_family em sf0.25, avaliando queries primárias, secundárias afetadas e de controle.",['QG6_EpisodesOfSeries'],"['QG10_AdvancedSearchWatchItems', 'QG3_RecommendationByGenreAndSubtype', 'QG5_AllPersonsForEpisodesOfSeries', 'QG9_TopRatedSeriesByGenre']","['QG1_WatchItemById', 'QG2_WatchItemByTitle', 'QG4_AllPersonsOfTypeForWatchItem', 'QG7_UpdateWatchItemMetadata', 'QG8_AddPersonRoleToWatchItem']","['Series', 'Episode']",series_g7,series_g7,0.4297114996006712,0.4319899999245535,0.5263733510219025,0.5643450749630574,0.0697287938412771,-37.466137055244054,-39.722331745417065,-41.024920552548764,-44.79770700968213,-64.56204194545319
series_g8_sf0.25,series_g8,G8,containment_family,sf0.25,QG8_AddPersonRoleToWatchItem,control,cold,10,10,0.5680422997102141,0.5475649959407747,0.7586919484310781,0.8320415849448182,0.4283310045138933,0.8503789940732531,0.1158726552024928,0.0,2.0,Series,containment_reduced,1,1,4,5,"Testar a configuração series_g8 (G8) na família containment_family em sf0.25, avaliando queries primárias, secundárias afetadas e de controle.",['QG6_EpisodesOfSeries'],"['QG10_AdvancedSearchWatchItems', 'QG3_RecommendationByGenreAndSubtype', 'QG5_AllPersonsForEpisodesOfSeries', 'QG9_TopRatedSeriesByGenre']","['QG1_WatchItemById', 'QG2_WatchItemByTitle', 'QG4_AllPersonsOfTypeForWatchItem', 'QG7_UpdateWatchItemMetadata', 'QG8_AddPersonRoleToWatchItem']","['Series', 'Episode']",series_g7,series_g7,0.5151836005097721,0.4535849984677043,0.74066360029974,0.8189679212227929,0.1200810135337711,10.260167277867268,20.71937956293805,2.434080481887084,1.5963584632845047,-3.5045992763000378
series_g8_sf0.25,series_g8,G8,containment_family,sf0.25,QG6_EpisodesOfSeries,primary,cold,10,10,2.4576549003541004,1.636062497709645,6.076057302925614,7.885160263613216,1.3978880015201869,8.337436003785115,2.034763743888632,3187.0,0.0,Series,containment_reduced,1,1,4,5,"Testar a configuração series_g8 (G8) na família containment_family em sf0.25, avaliando queries primárias, secundárias afetadas e de controle.",['QG6_EpisodesOfSeries'],"['QG10_AdvancedSearchWatchItems', 'QG3_RecommendationByGenreAndSubtype', 'QG5_AllPersonsForEpisodesOfSeries', 'QG9_TopRatedSeriesByGenre']","['QG1_WatchItemById', 'QG2_WatchItemByTitle', 'QG4_AllPersonsOfTypeForWatchItem', 'QG7_UpdateWatchItemMetadata', 'QG8_AddPersonRoleToWatchItem']","['Series', 'Episode']",series_g7,series_g7,0.800439300655853,0.7679230002395343,0.9748085016326512,1.0497496991592925,0.1007164892173772,207.03825990807556,113.05033150450193,523.3077874012354,651.146703821698,1920.2885939530568
series_g8_sf0.25,series_g8,G8,containment_family,sf0.25,QG10_AdvancedSearchWatchItems,secondary_affected,cold,10,10,83.14039919932839,104.33178949824652,121.8532311522722,122.94297743173956,15.742586998385375,123.2154140016064,39.5219473791372,6.9,0.0,Series,containment_reduced,1,1,4,5,"Testar a configuração series_g8 (G8) na família containment_family em sf0.25, avaliando queries primárias, secundárias afetadas e de controle.",['QG6_EpisodesOfSeries'],"['QG10_AdvancedSearchWatchItems', 'QG3_RecommendationByGenreAndSubtype', 'QG5_AllPersonsForEpisodesOfSeries', 'QG9_TopRatedSeriesByGenre']","['QG1_WatchItemById', 'QG2_WatchItemByTitle', 'QG4_AllPersonsOfTypeForWatchItem', 'QG7_UpdateWatchItemMetadata', 'QG8_AddPersonRoleToWatchItem']","['Series', 'Episode']",series_g7,series_g7,109.250316399266,110.16471999755596,178.44480384883354,182.67666396786808,50.84831059802367,-23.899168497156893,-5.2947354647103415,-31.713768894331,-32.69913367075467,-22.274807335146143
series_g8_sf0.25,series_g8,G8,containment_family,sf0.25,QG3_RecommendationByGenreAndSubtype,secondary_affected,cold,10,10,2.86826110095717,1.8811334994097704,6.209659202795592,6.241945442525321,0.7096789995557629,6.250017002457753,2.1227698995101605,20.0,0.0,Series,containment_reduced,1,1,4,5,"Testar a configuração series_g8 (G8) na família containment_family em sf0.25, avaliando queries primárias, secundárias afetadas e de controle.",['QG6_EpisodesOfSeries'],"['QG10_AdvancedSearchWatchItems', 'QG3_RecommendationByGenreAndSubtype', 'QG5_AllPersonsForEpisodesOfSeries', 'QG9_TopRatedSeriesByGenre']","['QG1_WatchItemById', 'QG2_WatchItemByTitle', 'QG4_AllPersonsOfTypeForWatchItem', 'QG7_UpdateWatchItemMetadata', 'QG8_AddPersonRoleToWatchItem']","['Series', 'Episode']",series_g7,series_g7,9.99524829821894,5.760926498624031,23.42901169613469,24.1199647373287,8.758760072460097,-71.30375338981555,-67.34668460257096,-73.49585512469542,-74.12124971781108,-75.76403643953302
series_g8_sf0.25,series_g8,G8,containment_family,sf0.25,QG5_AllPersonsForEpisodesOfSeries,secondary_affected,cold,10,10,65.78385920001892,75.1100095003494,121.2792285979958,126.11342091753612,3.230604001146276,127.3219689974212,41.604667701733966,767.4,0.0,Series,containment_reduced,1,1,4,5,"Testar a configuração series_g8 (G8) na família containment_family em sf0.25, avaliando queries primárias, secundárias afetadas e de controle.",['QG6_EpisodesOfSeries'],"['QG10_AdvancedSearchWatchItems', 'QG3_RecommendationByGenreAndSubtype', 'QG5_AllPersonsForEpisodesOfSeries', 'QG9_TopRatedSeriesByGenre']","['QG1_WatchItemById', 'QG2_WatchItemByTitle', 'QG4_AllPersonsOfTypeForWatchItem', 'QG7_UpdateWatchItemMetadata', 'QG8_AddPersonRoleToWatchItem']","['Series', 'Episode']",series_g7,series_g7,72.92875810016994,87.54945550026605,124.21344900103576,125.03511299997626,43.81288364235793,-9.79709388488047,-14.208479000624784,-2.362240503454253,0.862404081291996,-5.040106372932461
series_g8_sf0.25,series_g8,G8,containment_family,sf0.25,QG9_TopRatedSeriesByGenre,secondary_affected,cold,10,10,2.015652100089937,1.4512460002151784,4.181634601991389,4.919250122475205,1.1118019974674098,5.103654002596159,1.169889264374168,20.0,0.0,Series,containment_reduced,1,1,4,5,"Testar a configuração series_g8 (G8) na família containment_family em sf0.25, avaliando queries primárias, secundárias afetadas e de controle.",['QG6_EpisodesOfSeries'],"['QG10_AdvancedSearchWatchItems', 'QG3_RecommendationByGenreAndSubtype', 'QG5_AllPersonsForEpisodesOfSeries', 'QG9_TopRatedSeriesByGenre']","['QG1_WatchItemById', 'QG2_WatchItemByTitle', 'QG4_AllPersonsOfTypeForWatchItem', 'QG7_UpdateWatchItemMetadata', 'QG8_AddPersonRoleToWatchItem']","['Series', 'Episode']",series_g7,series_g7,4.866055298771244,3.1559755007037893,12.40151049823907,14.42793249785609,4.056374800483845,-58.57728742624604,-54.01592946803461,-66.28124773522424,-65.90467744975813,-71.15924139370397
series_g9_sf0.25,series_g9,G9,containment_family,sf0.25,QG1_WatchItemById,control,cold,10,10,0.3424699993047397,0.3305874997749924,0.5556153479119527,0.663938268480706,0.2151470034732483,0.6910189986228943,0.1307007843286314,1.0,0.0,Series,containment_full,1,1,4,5,"Testar a configuração series_g9 (G9) na família containment_family em sf0.25, avaliando queries primárias, secundárias afetadas e de controle.",['QG6_EpisodesOfSeries'],"['QG10_AdvancedSearchWatchItems', 'QG3_RecommendationByGenreAndSubtype', 'QG5_AllPersonsForEpisodesOfSeries', 'QG9_TopRatedSeriesByGenre']","['QG1_WatchItemById', 'QG2_WatchItemByTitle', 'QG4_AllPersonsOfTypeForWatchItem', 'QG7_UpdateWatchItemMetadata', 'QG8_AddPersonRoleToWatchItem']","['Series', 'Episode']",series_g7,series_g7,0.5472479992022272,0.4401365004014224,1.0749460478109532,1.401916407994577,0.3194629560552066,-37.41959773192609,-24.889778631519274,-48.312257248312925,-52.640666398186966,-59.087342725882465
series_g9_sf0.25,series_g9,G9,containment_family,sf0.25,QG2_WatchItemByTitle,control,cold,10,10,0.3485376990283839,0.3522714978316799,0.4356796023785136,0.4392623211606405,0.2648739973665215,0.4401580008561723,0.0599086969699855,8.2,0.0,Series,containment_full,1,1,4,5,"Testar a configuração series_g9 (G9) na família containment_family em sf0.25, avaliando queries primárias, secundárias afetadas e de controle.",['QG6_EpisodesOfSeries'],"['QG10_AdvancedSearchWatchItems', 'QG3_RecommendationByGenreAndSubtype', 'QG5_AllPersonsForEpisodesOfSeries', 'QG9_TopRatedSeriesByGenre']","['QG1_WatchItemById', 'QG2_WatchItemByTitle', 'QG4_AllPersonsOfTypeForWatchItem', 'QG7_UpdateWatchItemMetadata', 'QG8_AddPersonRoleToWatchItem']","['Series', 'Episode']",series_g7,series_g7,0.4266231990186497,0.4100214973732363,0.6921366006281457,0.7866049215226667,0.1489592184843581,-18.303153736103397,-14.084627247967799,-37.052945620400024,-44.15718626444129,-59.781813049538535
series_g9_sf0.25,series_g9,G9,containment_family,sf0.25,QG4_AllPersonsOfTypeForWatchItem,control,cold,10,10,0.6853188009699807,0.6755700014764443,0.7627863011293811,0.8046348622156074,0.644013998680748,0.815097002487164,0.0464834203748196,8.1,0.0,Series,containment_full,1,1,4,5,"Testar a configuração series_g9 (G9) na família containment_family em sf0.25, avaliando queries primárias, secundárias afetadas e de controle.",['QG6_EpisodesOfSeries'],"['QG10_AdvancedSearchWatchItems', 'QG3_RecommendationByGenreAndSubtype', 'QG5_AllPersonsForEpisodesOfSeries', 'QG9_TopRatedSeriesByGenre']","['QG1_WatchItemById', 'QG2_WatchItemByTitle', 'QG4_AllPersonsOfTypeForWatchItem', 'QG7_UpdateWatchItemMetadata', 'QG8_AddPersonRoleToWatchItem']","['Series', 'Episode']",series_g7,series_g7,0.7842412996978965,0.7658524955331814,0.9954198485502272,1.1076271683123196,0.1260057623178689,-12.613783380959726,-11.788496425004528,-23.37039468920213,-27.355080731576713,-63.11008360271808
series_g9_sf0.25,series_g9,G9,containment_family,sf0.25,QG7_UpdateWatchItemMetadata,control,cold,10,10,0.3070082995691336,0.3059874979953747,0.3800517039053375,0.382447144438629,0.2491999985068105,0.3830460045719519,0.0437040292064277,0.0,0.0,Series,containment_full,1,1,4,5,"Testar a configuração series_g9 (G9) na família containment_family em sf0.25, avaliando queries primárias, secundárias afetadas e de controle.",['QG6_EpisodesOfSeries'],"['QG10_AdvancedSearchWatchItems', 'QG3_RecommendationByGenreAndSubtype', 'QG5_AllPersonsForEpisodesOfSeries', 'QG9_TopRatedSeriesByGenre']","['QG1_WatchItemById', 'QG2_WatchItemByTitle', 'QG4_AllPersonsOfTypeForWatchItem', 'QG7_UpdateWatchItemMetadata', 'QG8_AddPersonRoleToWatchItem']","['Series', 'Episode']",series_g7,series_g7,0.4297114996006712,0.4319899999245535,0.5263733510219025,0.5643450749630574,0.0697287938412771,-28.554786210181724,-29.167921005390163,-27.798072761946596,-32.23168564664724,-37.32283781372913
series_g9_sf0.25,series_g9,G9,containment_family,sf0.25,QG8_AddPersonRoleToWatchItem,control,cold,10,10,0.4553484010102693,0.4170690008322708,0.570295001307386,0.5783590024657315,0.3926179997506551,0.5803750027553178,0.0707506051653672,0.0,2.0,Series,containment_full,1,1,4,5,"Testar a configuração series_g9 (G9) na família containment_family em sf0.25, avaliando queries primárias, secundárias afetadas e de controle.",['QG6_EpisodesOfSeries'],"['QG10_AdvancedSearchWatchItems', 'QG3_RecommendationByGenreAndSubtype', 'QG5_AllPersonsForEpisodesOfSeries', 'QG9_TopRatedSeriesByGenre']","['QG1_WatchItemById', 'QG2_WatchItemByTitle', 'QG4_AllPersonsOfTypeForWatchItem', 'QG7_UpdateWatchItemMetadata', 'QG8_AddPersonRoleToWatchItem']","['Series', 'Episode']",series_g7,series_g7,0.5151836005097721,0.4535849984677043,0.74066360029974,0.8189679212227929,0.1200810135337711,-11.614344757926318,-8.050530277410283,-23.002156299216995,-29.37952910265529,-41.08093937309283
series_g9_sf0.25,series_g9,G9,containment_family,sf0.25,QG6_EpisodesOfSeries,primary,cold,10,10,3.0351865003467537,2.7127085013489705,5.035057249187955,5.871169849706348,2.234548999695108,6.080197999835946,1.1069713786535016,3187.0,0.0,Series,containment_full,1,1,4,5,"Testar a configuração series_g9 (G9) na família containment_family em sf0.25, avaliando queries primárias, secundárias afetadas e de controle.",['QG6_EpisodesOfSeries'],"['QG10_AdvancedSearchWatchItems', 'QG3_RecommendationByGenreAndSubtype', 'QG5_AllPersonsForEpisodesOfSeries', 'QG9_TopRatedSeriesByGenre']","['QG1_WatchItemById', 'QG2_WatchItemByTitle', 'QG4_AllPersonsOfTypeForWatchItem', 'QG7_UpdateWatchItemMetadata', 'QG8_AddPersonRoleToWatchItem']","['Series', 'Episode']",series_g7,series_g7,0.800439300655853,0.7679230002395343,0.9748085016326512,1.0497496991592925,0.1007164892173772,279.1900894745953,253.25266992951234,416.5175766065873,459.29235839823156,999.0964709505673
series_g9_sf0.25,series_g9,G9,containment_family,sf0.25,QG10_AdvancedSearchWatchItems,secondary_affected,cold,10,10,73.50184750030166,81.8730305036297,117.12669585031108,118.50819837025485,15.39371599938022,118.85357400024076,36.21249713992803,6.9,0.0,Series,containment_full,1,1,4,5,"Testar a configuração series_g9 (G9) na família containment_family em sf0.25, avaliando queries primárias, secundárias afetadas e de controle.",['QG6_EpisodesOfSeries'],"['QG10_AdvancedSearchWatchItems', 'QG3_RecommendationByGenreAndSubtype', 'QG5_AllPersonsForEpisodesOfSeries', 'QG9_TopRatedSeriesByGenre']","['QG1_WatchItemById', 'QG2_WatchItemByTitle', 'QG4_AllPersonsOfTypeForWatchItem', 'QG7_UpdateWatchItemMetadata', 'QG8_AddPersonRoleToWatchItem']","['Series', 'Episode']",series_g7,series_g7,109.250316399266,110.16471999755596,178.44480384883354,182.67666396786808,50.84831059802367,-32.72161589749365,-25.68126120100329,-34.362506879419726,-35.126799561491964,-28.78328362528625
series_g9_sf0.25,series_g9,G9,containment_family,sf0.25,QG3_RecommendationByGenreAndSubtype,secondary_affected,cold,10,10,2.8738204993715044,1.9252240017522129,6.170381346964859,6.211189865789493,0.7393949999823235,6.221391995495651,2.072161244343805,20.0,0.0,Series,containment_full,1,1,4,5,"Testar a configuração series_g9 (G9) na família containment_family em sf0.25, avaliando queries primárias, secundárias afetadas e de controle.",['QG6_EpisodesOfSeries'],"['QG10_AdvancedSearchWatchItems', 'QG3_RecommendationByGenreAndSubtype', 'QG5_AllPersonsForEpisodesOfSeries', 'QG9_TopRatedSeriesByGenre']","['QG1_WatchItemById', 'QG2_WatchItemByTitle', 'QG4_AllPersonsOfTypeForWatchItem', 'QG7_UpdateWatchItemMetadata', 'QG8_AddPersonRoleToWatchItem']","['Series', 'Episode']",series_g7,series_g7,9.99524829821894,5.760926498624031,23.42901169613469,24.1199647373287,8.758760072460097,-71.24813297651052,-66.58134759726508,-73.66350135894615,-74.24876058721226,-76.34184259871168
series_g9_sf0.25,series_g9,G9,containment_family,sf0.25,QG5_AllPersonsForEpisodesOfSeries,secondary_affected,cold,10,10,64.4234037012211,79.07528900250327,110.675163801352,114.3453479630989,4.138101998250932,115.26289400353562,39.53239481243536,767.4,0.0,Series,containment_full,1,1,4,5,"Testar a configuração series_g9 (G9) na família containment_family em sf0.25, avaliando queries primárias, secundárias afetadas e de controle.",['QG6_EpisodesOfSeries'],"['QG10_AdvancedSearchWatchItems', 'QG3_RecommendationByGenreAndSubtype', 'QG5_AllPersonsForEpisodesOfSeries', 'QG9_TopRatedSeriesByGenre']","['QG1_WatchItemById', 'QG2_WatchItemByTitle', 'QG4_AllPersonsOfTypeForWatchItem', 'QG7_UpdateWatchItemMetadata', 'QG8_AddPersonRoleToWatchItem']","['Series', 'Episode']",series_g7,series_g7,72.92875810016994,87.54945550026605,124.21344900103576,125.03511299997626,43.81288364235793,-11.66255208578551,-9.679290921160588,-10.899210438614313,-8.549410465905998,-9.769931750815477
series_g9_sf0.25,series_g9,G9,containment_family,sf0.25,QG9_TopRatedSeriesByGenre,secondary_affected,cold,10,10,2.2217010002350435,1.6987909984891305,4.480491752838131,5.428791153171915,1.2957569997524845,5.66586600325536,1.255868932372029,20.0,0.0,Series,containment_full,1,1,4,5,"Testar a configuração series_g9 (G9) na família containment_family em sf0.25, avaliando queries primárias, secundárias afetadas e de controle.",['QG6_EpisodesOfSeries'],"['QG10_AdvancedSearchWatchItems', 'QG3_RecommendationByGenreAndSubtype', 'QG5_AllPersonsForEpisodesOfSeries', 'QG9_TopRatedSeriesByGenre']","['QG1_WatchItemById', 'QG2_WatchItemByTitle', 'QG4_AllPersonsOfTypeForWatchItem', 'QG7_UpdateWatchItemMetadata', 'QG8_AddPersonRoleToWatchItem']","['Series', 'Episode']",series_g7,series_g7,4.866055298771244,3.1559755007037893,12.40151049823907,14.42793249785609,4.056374800483845,-54.34287397440679,-46.172237455256024,-63.871402975675174,-62.37304857103676,-69.0396229603283
